time,voltage(V),dust(ug/m3),light(lx),temp(C)
00:00:01,8.20,2067.45,150.00,24.94
00:00:02,7.94,1906.16,150.00,24.94
00:00:03,8.22,1935.48,150.00,25.06
00:00:04,8.02,1876.83,150.00,24.94
00:00:05,8.20,1911.05,150.00,25.00
00:00:06,8.06,1911.05,150.00,24.94
00:00:07,8.22,1911.05,150.00,24.94
00:00:08,8.13,1896.38,150.00,24.94
00:00:09,7.94,1901.27,150.00,24.94
00:00:10,8.22,1930.60,150.00,24.94
00:00:11,8.01,1881.72,150.00,24.94
00:00:12,8.20,1920.82,150.00,24.94
00:00:13,8.02,1901.27,150.00,24.94
00:00:14,8.22,1911.05,150.00,24.87
00:00:15,8.08,1901.27,150.00,24.94
00:00:16,8.09,1925.71,150.00,25.06
00:00:17,8.09,1911.05,150.00,25.06
00:00:18,8.15,1886.61,150.00,25.00
00:00:19,8.11,1906.16,150.00,24.94
00:00:20,7.99,1915.93,150.00,25.06
00:00:21,8.11,1925.71,150.00,25.06
00:00:22,8.09,1881.72,150.00,24.94
00:00:23,8.15,1911.05,150.00,25.06
00:00:24,7.92,1896.38,150.00,25.00
00:00:25,8.20,1930.60,150.00,24.94
00:00:26,8.01,1881.72,150.00,25.00
00:00:27,8.20,1911.05,150.00,25.00
00:00:28,7.97,1901.27,150.00,25.06
00:00:29,8.18,1945.26,150.00,24.94
00:00:30,8.08,1886.61,150.00,25.12
00:00:31,8.06,1945.26,150.00,24.94
00:00:32,8.09,1935.48,150.00,25.06
00:00:33,8.13,1896.38,150.00,25.00
00:00:34,8.18,1940.37,150.00,25.00
00:00:35,7.95,1920.82,150.00,24.94
00:00:36,8.23,1959.92,150.00,25.00
00:00:37,8.06,1896.38,150.00,24.94
00:00:38,8.22,1876.83,150.00,25.06
00:00:39,7.92,1920.82,150.00,24.94
00:00:40,8.23,2008.80,150.00,25.00
00:00:41,8.04,1842.62,150.00,25.06
00:00:42,8.22,1891.50,150.00,24.94
00:00:43,7.97,1984.36,150.00,25.00
00:00:44,8.22,2023.46,150.00,25.00
00:00:45,8.02,1945.26,150.00,25.00
00:00:46,8.20,1915.93,150.00,25.00
00:00:47,8.02,1906.16,150.00,25.00
00:00:48,8.22,1964.81,150.00,25.06
00:00:49,8.08,1759.53,150.00,24.94
00:00:50,8.06,1955.03,150.00,25.00
00:00:51,8.08,1955.03,150.00,25.00
00:00:52,8.18,1837.73,150.00,25.06
00:00:53,8.11,1891.50,150.00,25.06
00:00:54,8.02,2028.35,150.00,25.06
00:00:55,8.18,1823.07,150.00,25.00
00:00:56,8.15,1891.50,150.00,25.06
00:00:57,8.16,1925.71,150.00,25.00
00:00:58,7.97,1906.16,150.00,25.00
00:00:59,8.25,1964.81,150.00,24.94
00:01:00,8.08,1901.27,150.00,25.00
00:01:01,8.20,1959.92,150.00,25.00
00:01:02,7.90,1925.71,150.00,25.00
00:01:03,8.20,1964.81,150.00,25.00
00:01:04,8.02,1862.17,150.00,25.00
00:01:05,8.22,1915.93,150.00,25.00
00:01:06,8.20,1871.95,150.00,24.94
00:00:01,8.38,1994.13,150.00,25.00
00:00:02,8.25,1925.71,150.00,25.06
00:00:03,8.23,1911.05,150.00,25.00
00:00:04,8.38,1955.03,150.00,24.94
00:00:05,8.15,1930.60,150.00,25.00
00:00:06,8.39,1969.70,149.17,24.94
00:00:07,8.23,1925.71,147.50,25.00
00:00:08,8.25,1920.82,149.17,25.00
00:00:09,8.32,1955.03,149.17,25.00
00:00:10,8.18,1940.37,150.00,25.00
00:00:11,8.39,1964.81,150.00,25.00
00:00:12,8.15,1901.27,150.00,25.00
00:00:13,8.39,1945.26,150.00,25.00
00:00:14,8.32,1950.15,150.00,25.00
00:00:15,8.30,1959.92,150.00,25.00
00:00:16,8.39,1964.81,150.00,25.00
00:00:17,8.16,1906.16,150.00,25.06
00:00:18,8.45,1959.92,150.00,25.00
00:00:19,8.29,1950.15,150.00,25.00
00:00:20,8.34,1964.81,150.00,25.00
00:00:21,8.41,1969.70,150.00,25.00
00:00:22,8.18,1906.16,150.00,25.00
00:00:23,8.38,1930.60,150.00,25.00
00:00:24,8.36,1955.03,150.00,25.06
00:00:25,8.27,1959.92,150.00,25.00
00:00:26,8.43,1984.36,150.00,25.00
00:00:27,8.27,1930.60,150.00,24.94
00:00:28,8.25,1911.05,150.00,24.94
00:00:29,8.45,1959.92,150.00,25.06
00:00:30,8.27,1950.15,150.00,25.00
00:00:31,8.34,1974.58,150.00,25.00
00:00:32,8.43,1974.58,150.00,25.06
00:00:33,8.20,1911.05,150.00,25.00
00:00:34,8.39,1945.26,150.00,25.00
00:00:35,8.39,1959.92,150.00,25.00
00:00:36,8.29,1955.03,150.00,25.00
00:00:37,8.43,1974.58,149.17,25.06
00:00:38,8.18,1911.05,150.00,25.00
00:00:39,8.25,1915.93,150.00,25.00
00:00:40,8.38,1955.03,150.00,25.06
00:00:41,8.22,1940.37,150.00,25.06
00:00:42,8.41,1974.58,150.00,25.06
00:00:43,8.29,1935.48,150.00,25.00
00:00:44,8.27,1920.82,150.00,25.00
00:00:45,8.41,1959.92,150.00,25.00
00:00:46,8.18,1930.60,150.00,25.00
00:00:47,8.41,1969.70,150.00,25.00
00:00:48,8.30,1935.48,150.00,25.00
00:00:49,8.32,1935.48,149.17,25.00
00:00:50,8.34,1950.15,150.00,25.00
00:00:51,8.20,1935.48,150.00,25.00
00:00:52,8.41,1964.81,150.00,25.06
00:00:53,8.20,1911.05,150.00,25.00
00:00:54,8.39,1945.26,150.00,25.00
00:00:55,8.38,1955.03,150.00,25.00
00:00:56,8.25,1945.26,150.00,25.00
00:00:57,8.43,1964.81,150.00,25.00
00:00:58,8.20,1915.93,150.00,25.00
00:00:59,8.39,1945.26,150.00,25.00
00:01:00,8.39,1959.92,150.00,24.94
00:01:01,8.23,1940.37,150.00,25.06
00:01:02,8.43,1969.70,149.17,25.00
00:01:03,8.23,1920.82,150.00,25.06
00:01:04,8.30,1925.71,150.00,25.00
00:01:05,8.41,1955.03,150.00,25.06
00:01:06,8.23,1940.37,150.00,25.00
00:01:07,8.43,1969.70,150.00,25.00
00:01:08,8.16,1906.16,149.17,25.00
00:01:09,8.32,1930.60,149.17,25.00
00:01:10,8.34,1945.26,150.00,25.00
00:01:11,8.20,1925.71,150.00,25.00
00:01:12,8.41,1955.03,150.00,25.00
00:01:13,8.16,1891.50,150.00,25.00
00:01:14,8.39,1930.60,149.17,25.00
00:01:15,8.25,1925.71,150.00,25.00
00:01:16,8.29,1935.48,149.17,25.00
00:01:17,8.38,1945.26,150.00,25.00
00:01:18,8.20,1896.38,150.00,25.00
00:01:19,8.43,1940.37,150.00,25.00
00:01:20,8.23,1920.82,150.00,25.00
00:01:21,8.46,1959.92,150.83,25.06
00:01:22,8.22,1911.05,150.83,25.06
00:01:23,8.41,1940.37,150.83,25.06
00:01:24,8.22,1930.60,150.00,25.00
00:01:25,8.38,1964.81,150.00,25.06
00:01:26,8.25,1915.93,150.00,25.00
00:01:27,8.36,1935.48,150.00,25.00
00:01:28,8.27,1940.37,150.00,25.00
00:01:29,8.39,1969.70,150.83,25.00
00:01:30,8.25,1935.48,150.83,25.00
00:01:31,8.38,1950.15,150.00,25.00
00:01:32,8.23,1940.37,150.00,25.06
00:01:33,8.38,1964.81,150.00,25.06
00:01:34,8.25,1930.60,150.00,25.06
00:01:35,8.36,1940.37,150.00,25.00
00:01:36,8.32,1950.15,150.00,25.06
00:01:37,8.29,1955.03,150.00,25.00
00:01:38,8.32,1945.26,150.00,25.06
00:01:39,8.22,1911.05,150.00,25.06
00:01:40,8.39,1955.03,150.00,25.06
00:01:41,8.16,1925.71,150.00,25.00
00:01:42,8.39,1964.81,150.00,25.00
00:01:43,8.30,1940.37,150.83,25.00
00:01:44,8.30,1930.60,150.00,25.00
00:01:45,8.36,1950.15,150.00,25.06
00:01:46,8.16,1925.71,150.00,25.00
00:01:47,8.39,1945.26,150.00,25.12
00:01:48,8.22,1915.93,150.00,25.12
00:01:49,8.30,1920.82,150.00,25.00
00:01:50,8.32,1906.16,150.83,25.06
14:31:01,8.59,1959.92,4297.50,31.37
14:31:02,8.60,1930.60,4286.67,31.44
14:31:03,8.57,1925.71,4280.83,31.44
14:31:04,8.64,1925.71,4290.00,31.50
14:31:05,8.60,1930.60,4276.67,31.44
14:31:06,8.59,1930.60,4243.33,31.44
14:31:07,8.60,1930.60,4278.33,31.44
14:31:08,8.59,1930.60,4249.17,31.44
14:31:09,8.60,1930.60,4259.17,31.37
14:31:10,8.59,1930.60,4293.33,31.44
14:31:11,8.60,1891.50,4385.83,31.44
00:00:01,8.71,2052.79,-2.00,-127.00
00:00:02,8.71,2013.69,-2.00,-127.00
00:00:03,8.71,2013.69,-2.00,-127.00
00:00:04,8.73,2013.69,-2.00,-127.00
00:00:05,8.71,2013.69,-2.00,30.62
00:00:06,8.71,2013.69,-2.00,30.62
00:00:07,8.71,2013.69,-2.00,30.50
00:00:08,8.73,2013.69,-2.00,30.56
00:00:09,8.71,2013.69,-2.00,30.56
00:00:10,8.71,2013.69,-2.00,30.50
00:00:11,8.71,2013.69,-2.00,30.56
00:00:12,8.71,2013.69,-2.00,30.56
00:00:13,8.71,2013.69,-2.00,30.56
00:00:14,8.71,2013.69,-2.00,30.50
00:00:15,8.71,2013.69,-2.00,30.50
00:00:16,8.71,2013.69,-2.00,30.50
00:00:17,8.71,2013.69,-2.00,30.56
00:00:18,8.71,2013.69,-2.00,30.56
00:00:19,8.71,2013.69,-2.00,30.50
00:00:20,8.71,2013.69,-2.00,30.56
00:00:21,8.71,2008.80,-2.00,30.50
00:00:22,8.71,2008.80,-2.00,30.50
00:00:23,8.71,2008.80,-2.00,30.50
00:00:24,8.71,2013.69,-2.00,30.56
00:00:25,8.71,2008.80,-2.00,30.56
00:00:26,8.71,2008.80,-2.00,30.56
00:00:27,8.71,2008.80,-2.00,30.50
15:07:01,8.71,2047.90,-2.00,30.37
15:07:02,8.71,2013.69,-2.00,30.44
15:07:03,8.71,2003.91,-2.00,30.37
15:07:04,8.71,2003.91,-2.00,30.37
15:07:05,8.76,2013.69,-2.00,30.44
15:07:06,8.71,2003.91,-2.00,30.37
15:07:07,8.71,2003.91,-2.00,30.44
15:07:08,8.71,2003.91,-2.00,30.44
15:07:09,8.71,2003.91,-2.00,30.44
15:07:10,8.71,2003.91,-2.00,30.37
15:07:11,8.71,2003.91,-2.00,30.37
15:07:12,8.71,2003.91,-2.00,30.37
15:07:13,8.71,2003.91,-2.00,30.37
15:07:14,8.71,2003.91,-2.00,30.37
15:07:15,8.71,2003.91,-2.00,30.37
15:07:16,8.71,2003.91,-2.00,30.37
15:07:17,8.71,2003.91,-2.00,30.44
15:07:18,8.71,2003.91,-2.00,30.44
15:07:19,8.71,2003.91,-2.00,30.44
15:07:20,8.71,2003.91,-2.00,30.37
15:07:21,8.71,2003.91,-2.00,30.44
15:07:22,8.71,2003.91,-2.00,30.44
15:07:23,8.71,2003.91,-2.00,30.44
15:07:24,8.71,2003.91,-2.00,30.44
15:07:25,8.71,2003.91,-2.00,30.37
15:07:26,8.71,2003.91,-2.00,30.44
15:07:27,8.71,2003.91,-2.00,30.44
15:07:28,8.71,2003.91,-2.00,30.37
15:07:29,8.71,2003.91,-2.00,30.50
15:07:30,8.71,2003.91,-2.00,30.44
15:07:31,8.71,2003.91,-2.00,30.44
15:07:32,8.71,1999.02,-2.00,30.50
15:07:33,8.71,1999.02,-2.00,30.44
15:07:34,8.71,1999.02,-2.00,30.50
15:07:35,8.71,2003.91,-2.00,30.44
15:07:36,8.71,1999.02,-2.00,30.44
15:07:37,8.71,1999.02,-2.00,30.44
15:07:38,8.71,2003.91,-2.00,30.50
15:07:39,8.71,1999.02,-2.00,30.44
15:07:40,8.71,1999.02,-2.00,30.50
15:07:41,8.71,1999.02,-2.00,30.50
15:07:42,8.71,1999.02,-2.00,30.50
15:07:43,8.71,1999.02,-2.00,30.44
15:07:44,8.71,1999.02,-2.00,30.44
15:07:45,8.71,1999.02,-2.00,30.50
15:07:46,8.71,1999.02,-2.00,30.44
15:07:47,8.71,1999.02,-2.00,30.44
15:07:48,8.71,1999.02,-2.00,30.44
15:07:49,8.71,1999.02,-2.00,30.44
15:07:50,8.71,1999.02,-2.00,30.50
15:07:51,8.71,1999.02,-2.00,30.50
15:07:52,8.71,2008.80,-2.00,30.50
15:07:53,8.71,1999.02,-2.00,30.44
15:07:54,8.71,1999.02,-2.00,30.50
15:07:55,8.76,2008.80,-2.00,30.50
15:07:56,8.71,1999.02,-2.00,30.50
15:07:57,8.71,1999.02,-2.00,30.56
15:07:58,8.76,1999.02,-2.00,30.56
15:07:59,8.71,1999.02,-2.00,30.50
15:08:00,8.71,1999.02,-2.00,30.50
15:08:01,8.71,1999.02,-2.00,30.50
15:08:02,8.71,1999.02,-2.00,30.50
15:08:03,8.71,1999.02,-2.00,30.50
15:08:04,8.71,1999.02,-2.00,30.50
15:08:05,8.71,1999.02,-2.00,30.56
15:08:06,8.71,1999.02,-2.00,30.56
15:08:07,8.71,1999.02,-2.00,30.62
15:08:08,8.71,1999.02,-2.00,30.56
15:08:09,8.71,1999.02,-2.00,30.50
15:08:10,8.71,1999.02,-2.00,30.50
15:08:11,8.71,1999.02,-2.00,30.50
15:08:12,8.71,1999.02,-2.00,30.56
15:08:13,8.71,1999.02,-2.00,30.62
15:08:14,8.71,1999.02,-2.00,30.56
15:08:15,8.71,1999.02,-2.00,30.50
15:08:16,8.71,1999.02,-2.00,30.56
15:08:17,8.71,1999.02,-2.00,30.50
15:08:18,8.71,1999.02,-2.00,30.56
15:08:19,8.71,1999.02,-2.00,30.56
15:08:20,8.71,1999.02,-2.00,30.50
15:08:21,8.71,1999.02,-2.00,30.50
15:08:22,8.71,1999.02,-2.00,30.50
15:08:23,8.71,1999.02,-2.00,30.56
15:08:24,8.71,1999.02,-2.00,30.56
15:08:25,8.71,1999.02,-2.00,30.50
15:08:26,8.71,1999.02,-2.00,30.50
15:08:27,8.71,1999.02,-2.00,30.56
15:08:28,8.71,1999.02,-2.00,30.56
15:08:29,8.71,1999.02,-2.00,30.56
15:08:30,8.71,1999.02,-2.00,30.50
15:08:31,8.71,1999.02,-2.00,30.56
15:08:32,8.71,1999.02,-2.00,30.56
15:08:33,8.71,1999.02,-2.00,30.50
15:08:34,8.71,1999.02,-2.00,30.50
15:08:35,8.71,1999.02,-2.00,30.50
15:08:36,8.71,1999.02,-2.00,30.50
15:08:37,8.71,1999.02,-2.00,30.50
15:08:38,8.71,1999.02,-2.00,30.50
15:08:39,8.71,1999.02,-2.00,30.50
15:08:40,8.71,1999.02,-2.00,30.56
15:08:41,8.71,1999.02,-2.00,30.56
15:08:42,8.71,2008.80,-2.00,30.56
15:08:43,8.71,1999.02,-2.00,30.50
15:08:44,8.71,1999.02,-2.00,30.56
15:08:45,8.76,2008.80,-2.00,30.56
15:08:46,8.71,1999.02,-2.00,30.56
15:08:47,8.71,1999.02,-2.00,30.56
15:08:48,8.76,1999.02,-2.00,30.56
15:08:49,8.71,1999.02,-2.00,30.50
15:08:50,8.71,1999.02,-2.00,30.56
15:08:51,8.71,1999.02,-2.00,30.56
15:08:52,8.71,1999.02,-2.00,30.56
15:08:53,8.71,1999.02,-2.00,30.56
15:08:54,8.71,1999.02,-2.00,30.56
15:08:55,8.71,1999.02,-2.00,30.56
15:08:56,8.71,1999.02,-2.00,30.56
15:08:57,8.71,1999.02,-2.00,30.56
15:08:58,8.71,1999.02,-2.00,30.62
15:08:59,8.71,1999.02,-2.00,30.56
15:09:00,8.71,1999.02,-2.00,30.56
15:09:01,8.71,1999.02,-2.00,30.56
15:09:02,8.71,1999.02,-2.00,30.56
15:09:03,8.71,1999.02,-2.00,30.56
15:09:04,8.71,1999.02,-2.00,30.62
15:09:05,8.71,1999.02,-2.00,30.56
15:09:06,8.71,1999.02,-2.00,30.56
15:09:07,8.71,1999.02,-2.00,30.56
15:09:08,8.71,1999.02,-2.00,30.62
15:09:09,8.71,1994.13,-2.00,30.56
15:09:10,8.71,1999.02,-2.00,30.50
15:09:11,8.71,1999.02,-2.00,30.56
15:09:12,8.71,1994.13,-2.00,30.56
15:09:13,8.71,1994.13,-2.00,30.56
15:09:14,8.71,1994.13,-2.00,30.50
15:09:15,8.71,1994.13,-2.00,30.56
15:09:16,8.71,1994.13,-2.00,30.50
15:09:17,8.69,1994.13,-2.00,30.56
15:09:18,8.69,1994.13,-2.00,30.50
15:09:19,8.69,1994.13,-2.00,30.56
15:09:20,8.69,1945.26,-2.00,30.56
15:09:21,8.69,1969.70,-2.00,30.50
15:09:22,8.69,1989.25,-2.00,30.44
15:09:23,8.69,1994.13,-2.00,30.50
15:09:24,8.69,1945.26,-2.00,30.56
00:00:01,8.76,2008.80,-2.00,-127.00
00:00:02,8.76,1955.03,-2.00,-127.00
00:00:03,8.76,1955.03,-2.00,-127.00
00:00:04,8.76,1955.03,-2.00,-127.00
00:00:05,8.76,1955.03,-2.00,-127.00
00:00:06,8.76,1955.03,-2.00,-127.00
00:00:07,8.76,1955.03,-2.00,-127.00
00:00:08,8.76,1955.03,-2.00,-127.00
00:00:09,8.76,1955.03,-2.00,-127.00
00:00:10,8.76,1955.03,-2.00,-127.00
00:00:11,8.76,1955.03,-2.00,-127.00
00:00:12,8.76,1955.03,-2.00,-127.00
00:00:13,8.76,1955.03,-2.00,-127.00
00:00:14,8.76,1955.03,-2.00,-127.00
00:00:15,8.76,1955.03,-2.00,-127.00
00:00:16,8.76,1955.03,-2.00,-127.00
00:00:17,8.76,1955.03,-2.00,-127.00
00:00:18,8.76,1955.03,-2.00,-127.00
00:00:19,8.76,1955.03,-2.00,-127.00
00:00:20,8.76,1955.03,-2.00,-127.00
00:00:21,8.76,1955.03,-2.00,-127.00
00:00:22,8.74,1955.03,-2.00,-127.00
00:00:23,8.76,1955.03,-2.00,-127.00
00:00:24,8.76,1955.03,-2.00,-127.00
00:00:25,8.76,1955.03,-2.00,-127.00
00:00:26,8.76,1955.03,-2.00,-127.00
00:00:27,8.76,1955.03,-2.00,-127.00
00:00:28,8.76,1955.03,-2.00,-127.00
00:00:29,8.76,1955.03,-2.00,-127.00
00:00:30,8.76,1955.03,-2.00,-127.00
00:00:31,8.76,1955.03,-2.00,-127.00
00:00:32,8.76,1955.03,-2.00,-127.00
00:00:33,8.76,1955.03,-2.00,-127.00
00:00:34,8.76,1955.03,-2.00,-127.00
00:00:35,8.76,1955.03,-2.00,-127.00
00:00:36,8.76,1955.03,-2.00,-127.00
00:00:37,8.76,1950.15,-2.00,-127.00
00:00:38,8.76,1925.71,-2.00,-127.00
00:00:39,8.76,1950.15,-2.00,-127.00
00:00:40,8.76,1950.15,-2.00,-127.00
00:00:41,8.62,1950.15,-2.00,-127.00
00:00:42,8.76,1950.15,-2.00,-127.00
00:00:43,8.76,1950.15,-2.00,-127.00
00:00:44,8.76,1950.15,-2.00,-127.00
00:00:45,8.76,1945.26,-2.00,-127.00
00:00:46,8.76,1945.26,-2.00,-127.00
00:00:47,8.76,1945.26,-2.00,-127.00
00:00:48,8.76,1940.37,-2.00,-127.00
00:00:49,8.76,1940.37,-2.00,-127.00
00:00:50,8.76,1940.37,-2.00,-127.00
00:00:51,8.76,1940.37,-2.00,-127.00
00:00:52,8.76,1940.37,-2.00,-127.00
00:00:53,8.76,1940.37,-2.00,-127.00
00:00:54,8.76,1940.37,-2.00,-127.00
00:00:55,8.76,1940.37,-2.00,-127.00
00:00:56,8.76,1940.37,-2.00,-127.00
00:00:57,8.76,1940.37,-2.00,-127.00
00:00:58,8.76,1940.37,-2.00,-127.00
00:00:59,8.76,1940.37,-2.00,-127.00
00:01:00,8.74,1930.60,-2.00,-127.00
02:01:01,8.74,1945.26,-2.00,-127.00
02:01:02,8.74,1955.03,-2.00,-127.00
02:01:03,8.74,1955.03,-2.00,-127.00
02:01:04,8.76,1955.03,-2.00,-127.00
02:01:05,8.74,1955.03,-2.00,-127.00
02:01:06,8.76,1955.03,-2.00,-127.00
02:01:07,8.74,1955.03,-2.00,-127.00
02:01:08,8.76,1955.03,-2.00,-127.00
02:01:09,8.76,1955.03,-2.00,-127.00
02:01:10,8.76,1955.03,-2.00,-127.00
02:01:11,8.76,1955.03,-2.00,-127.00
02:01:12,8.74,1955.03,-2.00,-127.00
02:01:13,8.76,1955.03,-2.00,-127.00
02:01:14,8.76,1955.03,-2.00,-127.00
02:01:15,8.76,1955.03,-2.00,-127.00
02:01:16,8.76,1955.03,-2.00,-127.00
02:01:17,8.76,1955.03,-2.00,-127.00
02:01:18,8.76,1955.03,-2.00,-127.00
02:01:19,8.76,1955.03,-2.00,-127.00
02:01:20,8.76,1955.03,-2.00,-127.00
02:01:21,8.76,1955.03,-2.00,-127.00
02:01:22,8.76,1955.03,-2.00,-127.00
02:01:23,8.76,1955.03,-2.00,-127.00
02:01:24,8.76,1955.03,-2.00,-127.00
02:01:25,8.76,1955.03,-2.00,-127.00
02:01:26,8.76,1955.03,-2.00,-127.00
02:01:27,8.76,1955.03,-2.00,-127.00
02:01:28,8.76,1955.03,-2.00,-127.00
02:01:29,8.76,1955.03,-2.00,-127.00
02:01:30,8.76,1955.03,-2.00,-127.00
02:01:31,8.76,1955.03,-2.00,-127.00
02:01:32,8.76,1955.03,-2.00,-127.00
02:01:33,8.76,1955.03,-2.00,-127.00
02:01:34,8.76,1950.15,-2.00,-127.00
02:01:35,8.76,1950.15,-2.00,-127.00
02:01:36,8.76,1925.71,-2.00,-127.00
02:01:37,8.76,1950.15,-2.00,-127.00
02:01:38,8.76,1950.15,-2.00,-127.00
02:01:39,8.60,1925.71,-2.00,-127.00
02:01:40,8.76,1950.15,-2.00,-127.00
02:01:41,8.76,1950.15,-2.00,-127.00
02:01:42,8.60,1950.15,-2.00,-127.00
02:01:43,8.76,1950.15,-2.00,-127.00
02:01:44,8.76,1950.15,-2.00,-127.00
02:01:45,8.76,1950.15,-2.00,-127.00
02:01:46,8.76,1945.26,-2.00,-127.00
02:01:47,8.76,1945.26,-2.00,-127.00
02:01:48,8.76,1945.26,-2.00,-127.00
02:01:49,8.76,1945.26,-2.00,-127.00
02:01:50,8.76,1940.37,-2.00,-127.00
02:01:51,8.76,1940.37,-2.00,-127.00
02:01:52,8.76,1940.37,-2.00,-127.00
02:01:53,8.76,1940.37,-2.00,-127.00
02:01:54,8.76,1940.37,-2.00,-127.00
02:01:55,8.76,1940.37,-2.00,-127.00
02:01:56,8.76,1940.37,-2.00,-127.00
02:01:57,8.76,1940.37,-2.00,-127.00
02:01:58,8.76,1940.37,-2.00,-127.00
02:01:59,8.76,1940.37,-2.00,-127.00
02:02:00,8.76,1940.37,-2.00,-127.00
02:02:01,8.76,1940.37,-2.00,-127.00
02:02:02,8.76,1940.37,-2.00,-127.00
02:02:03,8.76,1940.37,-2.00,-127.00
02:02:04,8.76,1940.37,-2.00,-127.00
02:02:05,8.76,1940.37,-2.00,-127.00
02:02:06,8.76,1940.37,-2.00,-127.00
02:02:07,8.76,1940.37,-2.00,-127.00
02:02:08,8.76,1940.37,-2.00,-127.00
02:02:09,8.76,1940.37,-2.00,-127.00
02:02:10,8.76,1940.37,-2.00,-127.00
02:02:11,8.76,1940.37,-2.00,-127.00
02:02:12,8.76,1940.37,-2.00,-127.00
02:02:13,8.76,1940.37,-2.00,-127.00
02:02:14,8.76,1940.37,-2.00,-127.00
02:02:15,8.76,1940.37,-2.00,-127.00
02:02:16,8.76,1940.37,-2.00,-127.00
02:02:17,8.76,1940.37,-2.00,-127.00
02:02:18,8.76,1940.37,-2.00,-127.00
02:02:19,8.76,1940.37,-2.00,-127.00
02:02:20,8.76,1940.37,-2.00,-127.00
02:02:21,8.76,1940.37,-2.00,-127.00
02:02:22,8.76,1940.37,-2.00,-127.00
02:02:23,8.76,1940.37,-2.00,-127.00
02:02:24,8.76,1940.37,-2.00,-127.00
02:02:25,8.76,1940.37,-2.00,-127.00
02:02:26,8.76,1940.37,-2.00,-127.00
02:02:27,8.76,1940.37,-2.00,-127.00
02:02:28,8.76,1940.37,-2.00,-127.00
02:02:29,8.76,1940.37,-2.00,-127.00
02:02:30,8.76,1940.37,-2.00,-127.00
02:02:31,8.76,1940.37,-2.00,-127.00
02:02:32,8.76,1940.37,-2.00,-127.00
02:02:33,8.74,1940.37,-2.00,-127.00
02:02:34,8.76,1940.37,-2.00,-127.00
02:02:35,8.76,1940.37,-2.00,-127.00
02:02:36,8.76,1940.37,-2.00,-127.00
02:02:37,8.76,1940.37,-2.00,-127.00
02:02:38,8.76,1940.37,-2.00,-127.00
02:02:39,8.76,1940.37,-2.00,-127.00
02:02:40,8.76,1940.37,-2.00,-127.00
02:02:41,8.76,1940.37,-2.00,-127.00
02:02:42,8.76,1940.37,-2.00,-127.00
02:02:43,8.74,1940.37,-2.00,-127.00
02:02:44,8.74,1940.37,-2.00,-127.00
02:02:45,8.74,1940.37,-2.00,-127.00
02:02:46,8.74,1940.37,-2.00,-127.00
02:02:47,8.74,1940.37,-2.00,-127.00
02:02:48,8.74,1940.37,-2.00,-127.00
02:02:49,8.76,1940.37,-2.00,-127.00
02:02:50,8.74,1940.37,-2.00,-127.00
02:02:51,8.74,1940.37,-2.00,-127.00
02:02:52,8.74,1940.37,-2.00,-127.00
02:02:53,8.74,1940.37,-2.00,-127.00
02:02:54,8.74,1940.37,-2.00,-127.00
02:02:55,8.74,1940.37,-2.00,-127.00
02:02:56,8.74,1940.37,-2.00,-127.00
02:02:57,8.74,1940.37,-2.00,-127.00
02:02:58,8.74,1940.37,-2.00,-127.00
02:02:59,8.74,1940.37,-2.00,-127.00
02:03:00,8.74,1940.37,-2.00,-127.00
02:03:01,8.74,1940.37,-2.00,-127.00
02:03:02,8.76,1940.37,-2.00,-127.00
02:03:03,8.74,1940.37,-2.00,-127.00
02:03:04,8.76,1945.26,-2.00,-127.00
02:03:05,8.76,1945.26,-2.00,-127.00
02:03:06,8.76,1945.26,-2.00,-127.00
02:03:07,8.76,1945.26,-2.00,-127.00
02:03:08,8.76,1945.26,-2.00,-127.00
02:03:09,8.76,1945.26,-2.00,-127.00
02:03:10,8.76,1945.26,-2.00,-127.00
02:03:11,8.76,1945.26,-2.00,-127.00
02:03:12,8.76,1945.26,-2.00,-127.00
02:03:13,8.76,1945.26,-2.00,-127.00
02:03:14,8.76,1945.26,-2.00,-127.00
02:03:15,8.76,1945.26,-2.00,-127.00
02:03:16,8.76,1945.26,-2.00,-127.00
02:03:17,8.76,1891.50,-2.00,-127.00
02:03:18,8.76,1945.26,-2.00,-127.00
02:03:19,8.76,1945.26,-2.00,-127.00
02:03:20,8.64,1886.61,-2.00,-127.00
02:03:21,8.76,1945.26,-2.00,-127.00
02:03:22,8.78,1945.26,-2.00,-127.00
02:03:23,8.43,1881.72,-2.00,-127.00
02:03:24,8.78,1945.26,-2.00,-127.00
02:03:25,8.78,1945.26,-2.00,-127.00
02:03:26,8.38,1950.15,-2.00,-127.00
02:03:27,8.78,1945.26,-2.00,-127.00
02:03:28,8.78,1945.26,-2.00,-127.00
02:03:29,8.32,1945.26,-2.00,-127.00
02:03:30,8.78,1950.15,-2.00,-127.00
02:03:31,8.78,1950.15,-2.00,-127.00
02:03:32,8.78,1950.15,-2.00,-127.00
02:03:33,8.78,1950.15,-2.00,-127.00
02:03:34,8.78,1950.15,-2.00,-127.00
02:03:35,8.78,1950.15,-2.00,-127.00
02:03:36,8.80,1945.26,-2.00,-127.00
00:00:01,8.85,2057.67,-2.00,-127.00
00:00:02,8.85,1989.25,-2.00,-127.00
00:00:03,8.85,1989.25,-2.00,-127.00
00:00:04,8.85,1925.71,-2.00,-127.00
00:00:05,8.85,1984.36,-2.00,-127.00
00:00:06,8.85,1989.25,-2.00,-127.00
00:00:07,8.50,1925.71,-2.00,-127.00
00:00:08,8.85,1984.36,-2.00,-127.00
00:00:09,8.85,1989.25,-2.00,-127.00
00:00:10,8.52,1984.36,-2.00,-127.00
00:00:11,8.85,1984.36,-2.00,-127.00
00:00:12,8.85,1984.36,-2.00,-127.00
00:00:13,8.85,1984.36,-2.00,-127.00
00:00:14,8.85,1984.36,-2.00,-127.00
00:00:15,8.85,1984.36,-2.00,-127.00
00:00:16,8.85,1984.36,-2.00,-127.00
00:00:17,8.85,1984.36,-2.00,-127.00
00:00:18,8.85,1984.36,-2.00,-127.00
00:00:19,8.85,1984.36,-2.00,-127.00
00:00:20,8.87,1984.36,-2.00,-127.00
00:00:21,8.87,1984.36,-2.00,-127.00
00:00:22,8.85,1984.36,-2.00,-127.00
00:00:23,8.85,1984.36,-2.00,-127.00
00:00:24,8.85,1984.36,-2.00,-127.00
00:00:25,8.85,1984.36,-2.00,-127.00
00:00:26,8.85,1984.36,-2.00,-127.00
00:00:27,8.85,1979.47,-2.00,-127.00
00:00:28,8.85,1979.47,-2.00,-127.00
00:00:29,8.85,1979.47,-2.00,-127.00
00:00:30,8.85,1979.47,-2.00,-127.00
00:00:31,8.85,1979.47,-2.00,-127.00
00:00:32,8.85,1979.47,-2.00,-127.00
00:00:33,8.85,1984.36,-2.00,-127.00
00:00:34,8.85,1974.58,-2.00,-127.00
00:00:35,8.85,1979.47,-2.00,-127.00
00:00:36,8.85,1984.36,-2.00,-127.00
00:00:37,8.85,1984.36,-2.00,-127.00
00:00:38,8.85,1984.36,-2.00,-127.00
00:00:39,8.85,1984.36,-2.00,-127.00
00:00:40,8.85,1984.36,-2.00,-127.00
00:00:41,8.85,1979.47,-2.00,-127.00
00:00:42,8.87,2018.57,-2.00,-127.00
00:00:43,8.87,1974.58,-2.00,-127.00
00:00:44,8.85,1999.02,-2.00,-127.00
00:00:01,8.83,-2.00,-127.00
00:00:02,8.83,-2.00,-127.00
00:00:03,8.83,-2.00,-127.00
00:00:04,8.83,-2.00,-127.00
00:00:05,8.83,-2.00,-127.00
00:00:06,8.83,-2.00,-127.00
00:00:07,8.83,-2.00,-127.00
00:00:08,8.83,-2.00,-127.00
00:00:09,8.83,-2.00,-127.00
00:00:10,8.83,-2.00,-127.00
00:00:11,8.83,-2.00,-127.00
00:00:12,8.83,-2.00,-127.00
00:00:13,8.83,-2.00,-127.00
00:00:14,8.83,-2.00,-127.00
00:00:15,8.83,-2.00,-127.00
00:00:16,8.83,-2.00,-127.00
00:00:17,8.83,-2.00,-127.00
00:00:18,8.83,-2.00,-127.00
00:00:19,8.83,-2.00,-127.00
00:00:20,8.83,-2.00,-127.00
00:00:21,8.83,-2.00,-127.00
00:00:22,8.83,-2.00,-127.00
00:00:23,8.83,-2.00,-127.00
00:00:24,8.83,-2.00,-127.00
00:00:25,8.83,-2.00,-127.00
00:00:26,8.83,-2.00,-127.00
00:00:27,8.83,-2.00,-127.00
00:00:28,8.83,-2.00,-127.00
00:00:29,8.83,-2.00,-127.00
00:00:30,8.78,-2.00,-127.00
00:00:31,8.80,-2.00,-127.00
00:00:32,8.76,-2.00,-127.00
00:00:33,8.52,-2.00,-127.00
00:00:34,8.78,-2.00,-127.00
00:00:35,8.83,-2.00,-127.00
00:00:36,8.50,-2.00,-127.00
00:00:37,8.82,-2.00,-127.00
00:00:38,8.82,-2.00,-127.00
00:00:39,8.82,-2.00,-127.00
00:00:40,8.80,-2.00,-127.00
00:00:41,8.82,-2.00,-127.00
00:00:42,8.80,-2.00,-127.00
00:00:43,8.80,-2.00,-127.00
00:00:44,8.80,-2.00,-127.00
00:00:45,8.82,-2.00,-127.00
00:00:46,8.82,-2.00,-127.00
00:00:47,8.83,-2.00,-127.00
00:00:48,8.82,-2.00,-127.00
00:00:49,8.82,-2.00,-127.00
00:00:50,8.82,-2.00,-127.00
00:00:51,8.82,-2.00,-127.00
00:00:52,8.83,-2.00,-127.00
00:00:53,8.83,-2.00,-127.00
00:00:54,8.83,-2.00,-127.00
00:00:55,8.83,-2.00,-127.00
00:00:56,8.83,-2.00,-127.00
00:00:57,8.83,-2.00,-127.00
00:00:58,8.83,-2.00,-127.00
00:00:59,8.83,-2.00,-127.00
00:01:00,8.83,-2.00,-127.00
00:01:01,8.83,-2.00,-127.00
00:01:02,8.83,-2.00,-127.00
00:01:03,8.83,-2.00,-127.00
00:01:04,8.83,-2.00,-127.00
00:01:05,8.83,-2.00,-127.00
00:01:06,8.83,-2.00,-127.00
00:01:07,8.83,-2.00,-127.00
00:01:08,8.83,-2.00,-127.00
00:01:09,8.83,-2.00,-127.00
00:01:10,8.83,-2.00,-127.00
00:01:11,8.83,-2.00,-127.00
00:01:12,8.83,-2.00,-127.00
00:01:13,8.83,-2.00,-127.00
00:01:14,8.83,-2.00,-127.00
00:01:15,8.83,-2.00,-127.00
00:01:16,8.83,-2.00,-127.00
00:01:17,8.83,-2.00,-127.00
00:01:18,8.83,-2.00,-127.00
00:01:19,8.83,-2.00,-127.00
00:01:20,8.83,-2.00,-127.00
00:01:21,8.83,-2.00,-127.00
00:01:22,8.83,-2.00,-127.00
00:01:23,8.83,-2.00,-127.00
00:01:24,8.83,-2.00,-127.00
00:01:25,8.83,-2.00,-127.00
00:01:26,8.83,-2.00,-127.00
00:01:27,8.83,-2.00,-127.00
00:01:28,8.83,-2.00,-127.00
00:01:29,8.82,-2.00,-127.00
00:01:30,8.83,-2.00,-127.00
00:01:31,8.83,-2.00,-127.00
00:01:32,8.83,-2.00,-127.00
00:01:33,8.83,-2.00,-127.00
00:01:34,8.83,-2.00,-127.00
00:01:35,8.83,-2.00,-127.00
00:01:36,8.83,-2.00,-127.00
00:01:37,8.83,-2.00,-127.00
00:00:01,2.45,-2.00,-127.00
00:00:02,2.45,-2.00,-127.00
00:00:03,2.45,-2.00,-127.00
00:00:04,2.45,-2.00,-127.00
00:00:05,2.46,-2.00,-127.00
00:00:06,2.46,-2.00,-127.00
00:00:07,2.46,-2.00,-127.00
00:00:08,2.46,-2.00,-127.00
00:00:09,2.45,-2.00,-127.00
00:00:10,2.46,-2.00,-127.00
00:00:11,2.45,-2.00,-127.00
00:00:12,2.46,-2.00,-127.00
00:00:13,2.46,-2.00,-127.00
00:00:14,2.46,-2.00,-127.00
00:00:15,2.46,-2.00,-127.00
00:00:16,2.46,-2.00,-127.00
00:00:17,2.46,-2.00,-127.00
00:00:18,2.46,-2.00,-127.00
00:00:19,2.46,-2.00,-127.00
00:00:20,2.46,-2.00,-127.00
00:00:21,2.46,-2.00,-127.00
00:00:22,2.46,-2.00,-127.00
00:00:23,2.46,-2.00,-127.00
00:00:24,2.46,-2.00,-127.00
00:00:25,2.46,-2.00,-127.00
00:00:26,2.46,-2.00,-127.00
00:00:27,2.46,-2.00,-127.00
00:00:28,2.46,-2.00,-127.00
00:00:29,2.46,-2.00,-127.00
00:00:30,2.46,-2.00,-127.00
00:00:31,2.39,-2.00,-127.00
00:00:32,2.45,-2.00,-127.00
00:00:33,2.45,-2.00,-127.00
00:00:34,2.46,-2.00,-127.00
00:00:35,2.45,-2.00,-127.00
00:00:36,2.45,-2.00,-127.00
00:00:37,2.45,-2.00,-127.00
00:00:38,2.45,-2.00,-127.00
00:00:39,2.46,-2.00,-127.00
00:00:40,2.45,-2.00,-127.00
00:00:41,2.46,-2.00,-127.00
00:00:42,2.46,-2.00,-127.00
00:00:43,2.46,-2.00,-127.00
00:00:44,2.46,-2.00,-127.00
00:00:45,2.46,-2.00,-127.00
00:00:46,2.46,-2.00,-127.00
00:00:47,2.46,-2.00,-127.00
00:00:48,2.46,-2.00,-127.00
00:00:49,2.46,-2.00,-127.00
00:00:50,2.46,-2.00,-127.00
00:00:51,2.46,-2.00,-127.00
00:00:52,2.46,-2.00,-127.00
00:00:53,2.46,-2.00,-127.00
00:00:54,2.46,-2.00,-127.00
00:00:55,2.46,-2.00,-127.00
00:00:56,2.46,-2.00,-127.00
00:00:57,2.46,-2.00,-127.00
00:00:58,2.46,-2.00,-127.00
00:00:59,2.46,-2.00,-127.00
00:01:00,2.46,-2.00,-127.00
00:01:01,2.46,-2.00,-127.00
00:01:02,2.46,-2.00,-127.00
00:01:03,2.46,-2.00,-127.00
00:01:04,2.46,-2.00,-127.00
00:01:05,2.46,-2.00,-127.00
00:01:06,2.46,-2.00,-127.00
00:01:07,2.46,-2.00,-127.00
00:01:08,2.46,-2.00,-127.00
00:01:09,2.46,-2.00,-127.00
00:01:10,2.46,-2.00,-127.00
00:01:11,2.46,-2.00,-127.00
00:01:12,2.46,-2.00,-127.00
00:01:13,2.46,-2.00,-127.00
00:01:14,2.46,-2.00,-127.00
00:01:15,2.46,-2.00,-127.00
00:01:16,2.46,-2.00,-127.00
00:01:17,2.46,-2.00,-127.00
00:01:18,2.46,-2.00,-127.00
00:01:19,2.46,-2.00,-127.00
00:01:20,2.46,-2.00,-127.00
00:01:21,2.46,-2.00,-127.00
00:01:22,2.45,-2.00,-127.00
00:01:23,2.46,-2.00,-127.00
00:01:24,2.46,-2.00,-127.00
00:01:25,2.44,-2.00,-127.00
00:01:26,2.46,-2.00,-127.00
00:01:27,2.45,-2.00,-127.00
00:01:28,2.44,-2.00,-127.00
00:01:29,2.44,-2.00,-127.00
00:01:30,2.44,-2.00,-127.00
00:01:31,2.44,-2.00,-127.00
00:01:32,2.44,-2.00,-127.00
00:01:33,2.44,-2.00,-127.00
00:01:34,2.44,-2.00,-127.00
00:01:35,2.44,-2.00,-127.00
00:01:36,2.44,-2.00,-127.00
00:01:37,2.44,-2.00,-127.00
00:01:38,2.44,-2.00,-127.00
00:01:39,2.44,-2.00,-127.00
00:01:40,2.44,-2.00,-127.00
00:01:41,2.44,-2.00,-127.00
00:01:42,2.44,-2.00,-127.00
00:01:43,2.44,-2.00,-127.00
00:01:44,2.44,-2.00,-127.00
00:01:45,2.44,-2.00,-127.00
00:01:46,2.44,-2.00,-127.00
00:01:47,2.44,-2.00,-127.00
00:01:48,2.39,-2.00,-127.00
00:01:49,2.44,-2.00,-127.00
00:01:50,2.44,-2.00,-127.00
00:01:51,2.39,-2.00,-127.00
00:01:52,2.44,-2.00,-127.00
00:01:53,2.44,-2.00,-127.00
00:01:54,2.39,-2.00,-127.00
00:01:55,2.44,-2.00,-127.00
00:01:56,2.44,-2.00,-127.00
00:01:57,2.39,-2.00,-127.00
00:01:58,2.43,-2.00,-127.00
00:01:59,2.44,-2.00,-127.00
00:02:00,2.43,-2.00,-127.00
00:02:01,2.43,-2.00,-127.00
00:02:02,2.43,-2.00,-127.00
00:02:03,2.44,-2.00,-127.00
00:02:04,2.43,-2.00,-127.00
00:02:05,2.43,-2.00,-127.00
00:02:06,2.43,-2.00,-127.00
00:02:07,2.43,-2.00,-127.00
00:02:08,2.43,-2.00,-127.00
00:02:09,2.43,-2.00,-127.00
00:02:10,2.43,-2.00,-127.00
00:02:11,2.43,-2.00,-127.00
00:02:12,2.43,-2.00,-127.00
00:02:13,2.43,-2.00,-127.00
00:02:14,2.43,-2.00,-127.00
00:02:15,2.43,-2.00,-127.00
00:02:16,2.43,-2.00,-127.00
00:02:17,2.43,-2.00,-127.00
00:02:18,2.43,-2.00,-127.00
00:02:19,2.43,-2.00,-127.00
00:02:20,2.43,-2.00,-127.00
00:02:21,2.43,-2.00,-127.00
00:02:22,2.43,-2.00,-127.00
00:02:23,2.43,-2.00,-127.00
00:02:24,2.43,-2.00,-127.00
00:02:25,2.43,-2.00,-127.00
00:02:26,2.43,-2.00,-127.00
00:02:27,2.43,-2.00,-127.00
00:02:28,2.43,-2.00,-127.00
00:02:29,2.43,-2.00,-127.00
00:02:30,2.43,-2.00,-127.00
00:02:31,2.43,-2.00,-127.00
00:02:32,2.43,-2.00,-127.00
00:02:33,2.43,-2.00,-127.00
00:02:34,2.43,-2.00,-127.00
00:02:35,2.43,-2.00,-127.00
00:02:36,2.43,-2.00,-127.00
00:02:37,2.44,-2.00,-127.00
00:02:38,2.44,-2.00,-127.00
00:02:39,2.43,-2.00,-127.00
00:02:40,2.44,-2.00,-127.00
00:00:01,2.18,2541.54,27.50,-127.00
00:00:02,1.63,1647.12,28.33,-127.00
00:00:03,1.48,1510.26,28.33,-127.00
00:00:04,1.43,1466.28,28.33,-127.00
00:00:05,1.42,1451.61,28.33,-127.00
00:00:06,1.41,1446.73,28.33,-127.00
00:00:07,1.41,1441.84,28.33,-127.00
00:00:08,1.41,1441.84,28.33,-127.00
00:00:09,1.41,1441.84,28.33,-127.00
00:00:10,1.40,1441.84,28.33,-127.00
00:00:11,1.41,1441.84,28.33,-127.00
00:00:12,1.41,1441.84,28.33,-127.00
00:00:13,1.41,1441.84,28.33,-127.00
00:00:14,1.41,1441.84,28.33,-127.00
00:00:15,1.41,1446.73,28.33,-127.00
00:00:16,1.41,1446.73,28.33,-127.00
00:00:17,1.41,1446.73,28.33,-127.00
00:00:18,1.41,1446.73,28.33,-127.00
00:00:19,1.41,1446.73,28.33,-127.00
00:00:20,1.41,1446.73,28.33,-127.00
00:00:21,1.41,1441.84,28.33,-127.00
00:00:22,1.41,1446.73,28.33,-127.00
00:00:23,1.41,1441.84,28.33,-127.00
00:00:24,1.41,1446.73,28.33,-127.00
00:00:25,1.41,1446.73,28.33,-127.00
00:00:26,1.41,1446.73,28.33,-127.00
00:00:27,1.41,1446.73,29.17,-127.00
00:00:28,1.41,1446.73,28.33,-127.00
00:00:29,1.41,1446.73,28.33,-127.00
00:00:30,1.41,1446.73,28.33,-127.00
00:00:31,1.41,1446.73,28.33,-127.00
00:00:32,1.42,1461.39,29.17,-127.00
00:00:33,1.34,1358.75,28.33,-127.00
00:00:34,1.39,1432.06,28.33,-127.00
00:00:35,1.44,1476.05,28.33,-127.00
00:00:36,1.42,1461.39,28.33,-127.00
00:00:37,1.42,1456.50,28.33,-127.00
00:00:38,1.41,1451.61,28.33,-127.00
00:00:39,1.41,1456.50,28.33,-127.00
00:00:40,1.42,1456.50,28.33,-127.00
00:00:41,1.41,1451.61,28.33,-127.00
00:00:42,1.41,1446.73,28.33,-127.00
00:00:43,1.41,1446.73,28.33,-127.00
00:00:44,1.41,1446.73,28.33,-127.00
00:00:45,1.41,1456.50,28.33,-127.00
00:00:46,1.41,1451.61,28.33,-127.00
00:00:47,1.41,1451.61,29.17,-127.00
00:00:48,1.41,1451.61,28.33,-127.00
00:00:49,1.41,1451.61,28.33,-127.00
00:00:50,1.41,1451.61,28.33,-127.00
00:00:51,1.41,1446.73,29.17,-127.00
00:00:52,1.41,1446.73,29.17,-127.00
00:00:53,1.41,1446.73,29.17,-127.00
00:00:54,1.41,1446.73,28.33,-127.00
00:00:55,1.42,1461.39,28.33,-127.00
00:00:56,1.43,1461.39,29.17,-127.00
00:00:57,1.42,1456.50,29.17,-127.00
00:00:58,1.42,1461.39,29.17,-127.00
00:00:59,1.41,1456.50,28.33,-127.00
00:01:00,1.41,1451.61,28.33,-127.00
00:01:01,1.41,1451.61,29.17,-127.00
00:01:02,1.41,1451.61,28.33,-127.00
00:01:03,1.41,1451.61,29.17,-127.00
00:01:04,1.41,1446.73,28.33,-127.00
00:01:05,1.41,1446.73,28.33,-127.00
00:01:06,1.41,1446.73,29.17,-127.00
00:01:07,1.41,1446.73,29.17,-127.00
00:01:08,1.41,1446.73,29.17,-127.00
00:01:09,1.42,1456.50,29.17,-127.00
00:00:01,2.31,2673.51,27.50,-127.00
00:00:02,1.77,1788.86,28.33,-127.00
00:00:03,1.62,1652.00,28.33,-127.00
00:00:04,1.56,1598.24,27.50,-127.00
00:00:05,1.54,1578.69,27.50,-127.00
00:00:06,1.52,1568.92,27.50,-127.00
00:00:07,1.52,1564.03,28.33,-127.00
00:00:08,1.52,1559.14,27.50,-127.00
00:00:09,1.52,1559.14,28.33,-127.00
00:00:10,1.51,1554.25,27.50,-127.00
00:00:11,1.51,1549.36,28.33,-127.00
00:00:12,1.52,1554.25,28.33,-127.00
00:00:13,1.51,1554.25,27.50,-127.00
00:00:14,1.51,1554.25,28.33,-127.00
00:00:15,1.51,1549.36,27.50,-127.00
00:00:16,1.51,1544.48,27.50,-127.00
00:00:17,1.51,1544.48,28.33,-127.00
00:00:18,1.51,1544.48,28.33,-127.00
00:00:19,1.51,1549.36,27.50,-127.00
00:00:20,1.51,1549.36,28.33,-127.00
00:00:21,1.51,1549.36,28.33,-127.00
00:00:22,1.51,1549.36,28.33,-127.00
00:00:23,1.51,1554.25,28.33,-127.00
00:00:24,1.51,1554.25,28.33,-127.00
00:00:25,1.51,1554.25,28.33,-127.00
00:00:26,1.51,1554.25,28.33,-127.00
00:00:27,1.51,1554.25,28.33,-127.00
00:00:28,1.51,1549.36,28.33,-127.00
00:00:29,1.52,1564.03,28.33,-127.00
00:00:30,1.53,1573.80,-1.00,-127.00
00:00:31,1.53,1573.80,28.33,-127.00
00:00:32,1.52,1559.14,28.33,-127.00
00:00:33,1.51,1554.25,28.33,-127.00
00:00:34,1.51,1554.25,28.33,-127.00
00:00:35,1.52,1559.14,28.33,-127.00
00:00:36,1.52,1554.25,28.33,-127.00
00:00:37,1.53,1573.80,28.33,-127.00
00:00:38,1.84,2023.46,-1.00,-127.00
00:00:39,1.96,2067.45,-1.00,-127.00
00:00:40,2.32,2473.12,-1.00,-127.00
00:00:41,2.65,2888.56,28.33,-127.00
00:00:42,3.13,3313.78,-1.00,-127.00
00:00:43,2.74,2878.79,28.33,-127.00
00:00:44,0.82,869.99,-1.00,-127.00
00:00:45,2.85,2893.45,-1.00,-127.00
00:00:46,0.02,283.48,28.33,-127.00
00:00:47,1.27,1309.87,28.33,-127.00
00:00:48,1.42,1461.39,-1.00,-127.00
00:00:49,1.48,1524.93,-1.00,-127.00
00:00:50,1.49,1529.81,28.33,-127.00
00:00:51,1.49,1534.70,28.33,-127.00
00:00:52,1.51,1549.36,28.33,-127.00
00:00:53,1.52,1564.03,28.33,-127.00
00:00:54,1.54,1578.69,28.33,-127.00
00:00:55,1.58,1612.90,28.33,-127.00
00:00:56,1.57,1622.68,28.33,-127.00
00:00:57,1.58,1612.90,28.33,-127.00
00:00:58,0.38,508.31,28.33,-127.00
00:00:59,0.38,782.01,28.33,-127.00
00:01:00,0.37,796.68,28.33,-127.00
00:01:01,0.38,791.79,28.33,-127.00
00:01:02,0.38,796.68,28.33,-127.00
00:01:03,0.38,801.56,28.33,-127.00
00:01:04,0.38,801.56,28.33,-127.00
00:01:05,0.38,796.68,28.33,-127.00
00:01:06,0.37,796.68,28.33,-127.00
00:01:07,0.37,796.68,28.33,-127.00
00:01:08,0.35,782.01,28.33,-127.00
00:01:09,0.38,796.68,28.33,-127.00
00:01:10,0.38,801.56,28.33,-127.00
00:01:11,0.38,796.68,28.33,-127.00
00:01:12,0.33,772.24,28.33,-127.00
00:01:13,0.36,791.79,28.33,-127.00
00:01:14,0.37,796.68,28.33,-127.00
00:01:15,0.38,796.68,28.33,-127.00
00:01:16,0.37,796.68,28.33,-127.00
00:01:17,0.34,782.01,28.33,-127.00
00:01:18,0.37,791.79,28.33,-127.00
00:01:19,0.37,796.68,28.33,-127.00
00:01:20,0.38,801.56,28.33,-127.00
00:01:21,0.38,796.68,28.33,-127.00
00:01:22,1.10,1163.25,28.33,-127.00
00:01:23,1.30,1363.64,28.33,-127.00
00:01:24,1.34,1417.40,28.33,-127.00
00:01:25,0.00,601.17,28.33,-127.00
00:01:26,0.00,581.62,28.33,-127.00
00:01:27,0.00,576.74,28.33,-127.00
00:01:28,0.00,571.85,28.33,-127.00
00:01:29,0.00,571.85,28.33,-127.00
00:01:30,0.00,571.85,28.33,-127.00
00:01:31,0.00,566.96,28.33,-127.00
00:01:32,0.00,566.96,28.33,-127.00
00:01:33,0.00,566.96,28.33,-127.00
00:01:34,0.00,571.85,28.33,-127.00
00:01:35,0.00,566.96,28.33,-127.00
00:01:36,0.00,566.96,28.33,-127.00
00:01:37,0.00,566.96,28.33,-127.00
00:01:38,0.00,566.96,28.33,-127.00
00:01:39,0.00,566.96,28.33,-127.00
00:01:40,0.00,566.96,28.33,-127.00
00:01:41,0.00,566.96,28.33,-127.00
00:01:42,0.00,566.96,28.33,-127.00
00:01:43,0.00,566.96,28.33,-127.00
00:01:44,0.00,566.96,28.33,-127.00
00:01:45,0.00,566.96,28.33,-127.00
00:01:46,0.00,566.96,28.33,-127.00
00:01:47,0.00,566.96,28.33,-127.00
00:01:48,0.00,566.96,28.33,-127.00
00:01:49,0.00,566.96,28.33,-127.00
00:01:50,0.00,566.96,28.33,-127.00
00:01:51,0.00,566.96,28.33,-127.00
00:01:52,0.00,566.96,28.33,-127.00
00:01:53,0.38,566.96,28.33,-127.00
00:01:54,0.37,786.90,28.33,-127.00
00:01:55,0.38,796.68,28.33,-127.00
00:01:56,0.38,796.68,28.33,-127.00
00:01:57,0.37,796.68,28.33,-127.00
00:01:58,0.36,786.90,28.33,-127.00
00:01:59,0.36,786.90,28.33,-127.00
00:02:00,0.37,791.79,28.33,-127.00
00:02:01,0.37,801.56,28.33,-127.00
00:02:02,0.38,801.56,28.33,-127.00
00:02:03,0.37,791.79,28.33,-127.00
00:02:04,0.33,772.24,28.33,-127.00
00:02:05,0.36,796.68,28.33,-127.00
00:02:06,0.37,796.68,28.33,-127.00
00:02:07,0.38,801.56,28.33,-127.00
00:02:08,0.38,806.45,28.33,-127.00
00:02:09,0.36,796.68,28.33,-127.00
00:02:10,0.33,777.13,28.33,-127.00
00:02:11,0.37,796.68,28.33,-127.00
00:02:12,0.38,801.56,28.33,-127.00
00:02:13,0.38,801.56,28.33,-127.00
00:02:14,0.38,801.56,28.33,-127.00
00:02:15,0.36,791.79,28.33,-127.00
00:02:16,0.33,772.24,28.33,-127.00
00:02:17,0.37,786.90,28.33,-127.00
00:02:18,0.00,576.74,28.33,-127.00
00:02:19,0.00,571.85,28.33,-127.00
00:02:20,0.00,571.85,28.33,-127.00
00:02:21,0.00,571.85,28.33,-127.00
00:02:22,0.00,571.85,29.17,-127.00
00:02:23,0.00,571.85,29.17,-127.00
00:02:24,0.00,571.85,29.17,-127.00
00:02:25,0.00,566.96,28.33,-127.00
00:02:26,0.00,571.85,29.17,-127.00
00:02:27,0.00,566.96,28.33,-127.00
00:02:28,0.00,566.96,28.33,-127.00
00:02:29,0.00,571.85,29.17,-127.00
00:02:30,0.81,953.08,28.33,-127.00
00:02:31,1.03,1124.14,28.33,-127.00
00:02:32,1.22,1285.43,29.17,-127.00
00:02:33,1.32,1373.41,29.17,-127.00
00:02:34,0.00,601.17,28.33,-127.00
00:02:35,0.00,581.62,29.17,-127.00
00:02:36,0.00,576.74,29.17,-127.00
00:02:37,0.00,576.74,29.17,-127.00
00:02:38,0.00,571.85,29.17,-127.00
00:02:39,0.00,571.85,29.17,-127.00
00:02:40,0.00,571.85,29.17,-127.00
00:02:41,0.00,571.85,29.17,-127.00
00:02:42,0.00,571.85,29.17,-127.00
00:02:43,0.00,571.85,29.17,-127.00
00:02:44,0.00,571.85,29.17,-127.00
00:02:45,0.00,571.85,29.17,-127.00
00:02:46,0.00,571.85,29.17,-127.00
00:02:47,0.00,571.85,29.17,-127.00
00:02:48,0.00,571.85,29.17,-127.00
00:02:49,0.00,571.85,29.17,-127.00
00:02:50,0.00,571.85,29.17,-127.00
00:02:51,0.00,571.85,29.17,-127.00
00:02:52,0.00,571.85,29.17,-127.00
00:02:53,0.00,571.85,29.17,-127.00
00:02:54,0.00,566.96,29.17,-127.00
00:02:55,0.00,571.85,29.17,-127.00
00:02:56,0.00,571.85,29.17,-127.00
00:02:57,0.00,571.85,29.17,-127.00
00:02:58,0.00,571.85,28.33,-127.00
00:02:59,0.00,571.85,29.17,-127.00
00:03:00,0.00,571.85,29.17,-127.00
00:03:01,0.00,571.85,29.17,-127.00
00:03:02,0.00,571.85,29.17,-127.00
00:03:03,0.00,571.85,29.17,-127.00
00:03:04,0.00,571.85,29.17,-127.00
00:03:05,0.00,571.85,29.17,-127.00
00:03:06,0.00,571.85,29.17,-127.00
00:03:07,0.00,571.85,29.17,-127.00
00:03:08,0.00,571.85,29.17,-127.00
00:03:09,0.00,571.85,29.17,-127.00
00:03:10,0.00,571.85,29.17,-127.00
00:03:11,0.00,571.85,29.17,-127.00
00:03:12,0.00,571.85,29.17,-127.00
00:03:13,0.00,571.85,29.17,-127.00
00:03:14,0.00,571.85,29.17,-127.00
00:03:15,0.00,571.85,29.17,-127.00
00:03:16,0.00,571.85,29.17,-127.00
00:03:17,0.00,571.85,29.17,-127.00
00:03:18,0.00,571.85,29.17,-127.00
00:03:19,0.00,571.85,29.17,-127.00
00:03:20,0.00,571.85,29.17,-127.00
00:03:21,0.00,571.85,29.17,-127.00
00:03:22,0.00,571.85,28.33,-127.00
00:03:23,0.00,571.85,29.17,-127.00
00:03:24,0.00,571.85,29.17,-127.00
00:03:25,0.00,571.85,29.17,-127.00
00:03:26,0.00,571.85,29.17,-127.00
00:03:27,0.00,571.85,29.17,-127.00
00:03:28,0.00,571.85,29.17,-127.00
00:03:29,0.00,571.85,29.17,-127.00
00:03:30,0.00,571.85,29.17,-127.00
00:03:31,0.00,571.85,29.17,-127.00
00:03:32,0.00,571.85,29.17,-127.00
00:03:33,0.00,571.85,29.17,-127.00
00:03:34,0.00,571.85,29.17,-127.00
00:03:35,0.00,571.85,29.17,-127.00
00:03:36,0.00,571.85,29.17,-127.00
00:03:37,0.00,571.85,29.17,-127.00
00:03:38,0.00,571.85,29.17,-127.00
00:03:39,0.00,571.85,29.17,-127.00
00:03:40,0.00,571.85,29.17,-127.00
00:03:41,0.00,571.85,29.17,-127.00
00:03:42,0.00,571.85,29.17,-127.00
00:03:43,0.00,571.85,29.17,-127.00
00:03:44,0.00,571.85,29.17,-127.00
00:03:45,0.00,571.85,29.17,-127.00
00:03:46,0.00,571.85,29.17,-127.00
00:03:47,0.00,571.85,29.17,-127.00
00:03:48,0.00,571.85,29.17,-127.00
00:03:49,0.00,571.85,29.17,-127.00
00:03:50,0.00,571.85,29.17,-127.00
00:03:51,0.00,571.85,29.17,-127.00
00:03:52,0.00,571.85,29.17,-127.00
00:03:53,0.00,571.85,29.17,-127.00
00:03:54,0.00,571.85,29.17,-127.00
00:03:55,0.00,571.85,28.33,-127.00
00:03:56,0.00,576.74,29.17,-127.00
00:03:57,0.00,571.85,29.17,-127.00
00:03:58,0.00,571.85,29.17,-127.00
00:03:59,0.00,571.85,29.17,-127.00
00:04:00,0.00,571.85,29.17,-127.00
00:04:01,0.00,576.74,29.17,-127.00
00:04:02,0.00,571.85,29.17,-127.00
00:04:03,0.00,571.85,29.17,-127.00
00:04:04,0.00,571.85,29.17,-127.00
00:04:05,0.00,571.85,28.33,-127.00
00:04:06,0.00,571.85,29.17,-127.00
00:04:07,0.00,576.74,29.17,-127.00
00:04:08,0.00,571.85,29.17,-127.00
00:04:09,0.00,571.85,29.17,-127.00
00:04:10,0.00,571.85,28.33,-127.00
00:04:11,0.00,571.85,29.17,-127.00
00:04:12,0.00,571.85,29.17,-127.00
00:04:13,0.00,576.74,29.17,-127.00
00:04:14,0.00,571.85,29.17,-127.00
00:04:15,0.00,576.74,29.17,-127.00
00:04:16,0.00,576.74,29.17,-127.00
00:04:17,0.00,576.74,29.17,-127.00
00:04:18,0.00,576.74,29.17,-127.00
00:04:19,0.00,576.74,28.33,-127.00
00:04:20,0.00,576.74,28.33,-127.00
00:04:21,0.00,576.74,28.33,-127.00
00:04:22,0.00,576.74,29.17,-127.00
00:04:23,0.00,576.74,28.33,-127.00
00:04:24,0.00,576.74,28.33,-127.00
00:04:25,0.00,576.74,29.17,-127.00
00:04:26,0.00,576.74,28.33,-127.00
00:04:27,0.00,576.74,28.33,-127.00
00:04:28,0.00,576.74,29.17,-127.00
00:04:29,0.00,576.74,28.33,-127.00
00:04:30,0.00,576.74,28.33,-127.00
00:04:31,0.00,576.74,28.33,-127.00
00:04:32,0.00,576.74,29.17,-127.00
00:04:33,0.00,576.74,28.33,-127.00
00:04:34,0.00,576.74,28.33,-127.00
00:04:35,0.00,576.74,29.17,-127.00
00:04:36,0.00,576.74,29.17,-127.00
00:04:37,0.00,576.74,28.33,-127.00
00:04:38,0.00,576.74,28.33,-127.00
00:04:39,0.00,576.74,28.33,-127.00
00:04:40,0.00,576.74,28.33,-127.00
00:04:41,0.00,576.74,28.33,-127.00
00:04:42,0.00,576.74,28.33,-127.00
00:04:43,0.00,576.74,28.33,-127.00
00:04:44,0.00,576.74,28.33,-127.00
00:04:45,0.00,576.74,28.33,-127.00
00:04:46,0.00,576.74,28.33,-127.00
00:04:47,0.00,576.74,28.33,-127.00
00:04:48,0.00,576.74,28.33,-127.00
00:04:49,0.00,576.74,28.33,-127.00
00:04:50,0.00,576.74,28.33,-127.00
00:04:51,0.00,576.74,28.33,-127.00
00:04:52,0.00,576.74,28.33,-127.00
00:04:53,0.00,576.74,27.50,-127.00
00:04:54,0.00,576.74,28.33,-127.00
00:04:55,0.00,576.74,28.33,-127.00
00:04:56,0.00,576.74,28.33,-127.00
00:04:57,0.00,576.74,27.50,-127.00
00:04:58,0.00,576.74,28.33,-127.00
00:04:59,0.00,576.74,28.33,-127.00
00:05:00,0.00,576.74,27.50,-127.00
00:05:01,0.00,576.74,28.33,-127.00
00:05:02,0.00,576.74,28.33,-127.00
00:05:03,0.00,576.74,28.33,-127.00
00:05:04,0.00,576.74,28.33,-127.00
00:05:05,0.00,576.74,28.33,-127.00
00:05:06,0.00,576.74,28.33,-127.00
00:05:07,0.00,576.74,27.50,-127.00
00:05:08,0.00,576.74,28.33,-127.00
00:05:09,0.00,576.74,28.33,-127.00
00:05:10,0.00,576.74,28.33,-127.00
00:05:11,0.00,576.74,28.33,-127.00
00:05:12,0.00,576.74,28.33,-127.00
00:05:13,0.00,576.74,28.33,-127.00
00:05:14,0.00,576.74,28.33,-127.00
00:05:15,0.00,581.62,28.33,-127.00
00:05:16,0.00,581.62,27.50,-127.00
00:05:17,0.00,576.74,28.33,-127.00
00:05:18,0.00,576.74,28.33,-127.00
00:05:19,0.00,576.74,28.33,-127.00
00:05:20,0.00,576.74,28.33,-127.00
00:05:21,0.00,576.74,28.33,-127.00
00:05:22,0.00,576.74,28.33,-127.00
00:05:23,0.00,576.74,28.33,-127.00
00:05:24,0.00,576.74,28.33,-127.00
00:05:25,0.00,576.74,28.33,-127.00
00:05:26,0.00,576.74,28.33,-127.00
00:05:27,0.00,576.74,28.33,-127.00
00:05:28,0.00,576.74,28.33,-127.00
00:05:29,0.00,576.74,28.33,-127.00
00:05:30,0.00,576.74,28.33,-127.00
00:05:31,0.00,576.74,28.33,-127.00
00:05:32,0.00,576.74,28.33,-127.00
00:05:33,0.00,576.74,28.33,-127.00
00:05:34,0.00,576.74,28.33,-127.00
00:05:35,0.00,576.74,27.50,-127.00
00:05:36,0.00,576.74,28.33,-127.00
00:05:37,0.00,576.74,28.33,-127.00
00:05:38,0.00,576.74,28.33,-127.00
00:05:39,0.00,576.74,29.17,-127.00
00:05:40,0.00,576.74,28.33,-127.00
00:05:41,0.00,576.74,29.17,-127.00
00:05:42,0.00,576.74,28.33,-127.00
00:05:43,0.00,576.74,29.17,-127.00
00:05:44,0.00,576.74,29.17,-127.00
00:05:45,0.00,576.74,28.33,-127.00
00:05:46,0.00,576.74,29.17,-127.00
00:05:47,0.00,576.74,29.17,-127.00
00:05:48,0.00,576.74,29.17,-127.00
00:05:49,0.00,576.74,29.17,-127.00
00:05:50,0.00,576.74,29.17,-127.00
00:05:51,0.00,576.74,29.17,-127.00
00:05:52,0.00,576.74,28.33,-127.00
00:05:53,0.00,581.62,29.17,-127.00
00:05:54,0.00,576.74,28.33,-127.00
00:05:55,0.00,576.74,29.17,-127.00
00:05:56,0.00,576.74,29.17,-127.00
00:05:57,0.00,576.74,29.17,-127.00
00:05:58,0.00,576.74,28.33,-127.00
00:05:59,0.00,576.74,28.33,-127.00
00:06:00,0.00,576.74,29.17,-127.00
00:06:01,0.00,576.74,28.33,-127.00
00:06:02,0.00,576.74,29.17,-127.00
00:06:03,0.00,576.74,29.17,-127.00
00:06:04,0.00,576.74,28.33,-127.00
00:06:05,0.00,576.74,28.33,-127.00
00:06:06,0.00,576.74,29.17,-127.00
00:06:07,0.00,576.74,28.33,-127.00
00:06:08,0.00,576.74,29.17,-127.00
00:06:09,0.00,576.74,28.33,-127.00
00:06:10,0.00,576.74,28.33,-127.00
00:06:11,0.00,576.74,28.33,-127.00
00:06:12,0.00,576.74,29.17,-127.00
00:06:13,0.00,576.74,28.33,-127.00
00:06:14,0.00,576.74,28.33,-127.00
00:06:15,0.00,576.74,29.17,-127.00
00:06:16,0.00,576.74,29.17,-127.00
00:06:17,0.00,576.74,28.33,-127.00
00:06:18,0.00,576.74,28.33,-127.00
00:06:19,0.00,576.74,29.17,-127.00
00:06:20,0.00,576.74,28.33,-127.00
00:06:21,0.00,576.74,29.17,-127.00
00:06:22,0.00,581.62,29.17,-127.00
00:06:23,0.00,576.74,28.33,-127.00
00:06:24,0.00,576.74,28.33,-127.00
00:06:25,0.00,576.74,29.17,-127.00
00:06:26,0.00,576.74,28.33,-127.00
00:06:27,0.00,576.74,28.33,-127.00
00:06:28,0.00,576.74,28.33,-127.00
00:06:29,0.00,581.62,29.17,-127.00
00:06:30,0.00,576.74,28.33,-127.00
00:06:31,0.00,576.74,29.17,-127.00
00:06:32,0.00,581.62,29.17,-127.00
00:06:33,0.00,576.74,28.33,-127.00
00:06:34,0.00,576.74,28.33,-127.00
00:06:35,0.00,576.74,29.17,-127.00
00:06:36,0.00,576.74,29.17,-127.00
00:06:37,0.00,576.74,28.33,-127.00
00:06:38,0.00,576.74,29.17,-127.00
00:06:39,0.00,581.62,29.17,-127.00
00:06:40,0.00,576.74,29.17,-127.00
00:06:41,0.00,576.74,29.17,-127.00
00:06:42,0.00,576.74,28.33,-127.00
00:06:43,0.00,576.74,29.17,-127.00
00:06:44,0.00,576.74,29.17,-127.00
00:06:45,0.00,576.74,29.17,-127.00
00:06:46,0.00,576.74,28.33,-127.00
00:06:47,0.00,576.74,28.33,-127.00
00:06:48,0.00,576.74,29.17,-127.00
00:06:49,0.00,576.74,29.17,-127.00
00:06:50,0.00,576.74,29.17,-127.00
00:06:51,0.00,581.62,29.17,-127.00
00:06:52,0.00,581.62,28.33,-127.00
00:06:53,0.00,576.74,29.17,-127.00
00:06:54,0.00,576.74,28.33,-127.00
00:06:55,0.00,576.74,29.17,-127.00
00:06:56,0.00,581.62,28.33,-127.00
00:06:57,0.00,581.62,29.17,-127.00
00:06:58,0.00,576.74,29.17,-127.00
00:06:59,0.00,581.62,29.17,-127.00
00:07:00,0.00,576.74,29.17,-127.00
00:07:01,0.00,581.62,28.33,-127.00
00:07:02,0.00,581.62,28.33,-127.00
00:07:03,0.00,581.62,29.17,-127.00
00:07:04,0.00,576.74,29.17,-127.00
00:07:05,0.00,581.62,28.33,-127.00
00:07:06,0.00,576.74,28.33,-127.00
00:07:07,0.00,576.74,29.17,-127.00
00:07:08,0.00,581.62,29.17,-127.00
00:07:09,0.00,581.62,28.33,-127.00
00:07:10,0.00,581.62,29.17,-127.00
00:07:11,0.00,576.74,28.33,-127.00
00:07:12,0.00,581.62,28.33,-127.00
00:07:13,0.00,581.62,28.33,-127.00
00:07:14,0.00,581.62,28.33,-127.00
00:07:15,0.00,581.62,28.33,-127.00
00:07:16,0.00,581.62,28.33,-127.00
00:07:17,0.00,581.62,29.17,-127.00
00:07:18,0.00,581.62,29.17,-127.00
00:07:19,0.00,581.62,29.17,-127.00
00:07:20,0.00,581.62,28.33,-127.00
00:07:21,0.00,581.62,29.17,-127.00
00:07:22,0.00,581.62,29.17,-127.00
00:07:23,0.00,581.62,29.17,-127.00
00:07:24,0.00,581.62,29.17,-127.00
00:07:25,0.00,581.62,28.33,-127.00
00:07:26,0.00,581.62,29.17,-127.00
00:07:27,0.00,581.62,29.17,-127.00
00:07:28,0.00,581.62,29.17,-127.00
00:07:29,0.00,581.62,29.17,-127.00
00:07:30,0.00,581.62,28.33,-127.00
00:07:31,0.00,581.62,28.33,-127.00
00:07:32,0.00,581.62,29.17,-127.00
00:07:33,0.00,581.62,28.33,-127.00
00:07:34,0.00,581.62,28.33,-127.00
00:07:35,0.00,581.62,29.17,-127.00
00:07:36,0.00,581.62,29.17,-127.00
00:07:37,0.00,581.62,28.33,-127.00
00:07:38,0.00,581.62,29.17,-127.00
00:07:39,0.00,581.62,28.33,-127.00
00:07:40,0.00,581.62,29.17,-127.00
00:07:41,0.00,581.62,29.17,-127.00
00:07:42,0.00,581.62,29.17,-127.00
00:07:43,0.00,581.62,28.33,-127.00
00:07:44,0.00,581.62,28.33,-127.00
00:07:45,0.00,581.62,29.17,-127.00
00:07:46,0.00,581.62,28.33,-127.00
00:07:47,0.00,581.62,29.17,-127.00
00:07:48,0.00,581.62,28.33,-127.00
00:07:49,0.00,581.62,28.33,-127.00
00:07:50,0.00,581.62,28.33,-127.00
00:07:51,0.00,586.51,28.33,-127.00
00:07:52,0.00,581.62,28.33,-127.00
00:07:53,0.00,586.51,28.33,-127.00
00:07:54,0.00,581.62,28.33,-127.00
00:07:55,0.00,581.62,28.33,-127.00
00:07:56,0.00,581.62,28.33,-127.00
00:07:57,0.00,586.51,28.33,-127.00
00:00:01,0.00,2487.78,27.50,-127.00
00:00:02,0.00,630.50,28.33,-127.00
00:00:03,0.00,601.17,28.33,-127.00
00:00:04,0.00,596.29,28.33,-127.00
00:00:05,0.00,591.40,28.33,-127.00
00:00:06,0.00,591.40,28.33,-127.00
00:00:07,0.00,591.40,28.33,-127.00
00:00:08,0.00,586.51,28.33,-127.00
00:00:09,0.00,586.51,28.33,-127.00
00:00:10,0.00,591.40,28.33,-127.00
00:00:11,0.00,586.51,28.33,-127.00
00:00:12,0.00,591.40,28.33,-127.00
00:00:13,0.00,586.51,28.33,-127.00
00:00:14,0.00,586.51,28.33,-127.00
00:00:15,0.00,586.51,28.33,-127.00
00:00:16,0.00,586.51,28.33,-127.00
00:00:17,0.00,586.51,28.33,-127.00
00:00:18,0.00,586.51,28.33,-127.00
00:00:19,0.00,586.51,28.33,-127.00
00:00:20,0.00,586.51,28.33,-127.00
00:00:21,0.00,586.51,28.33,-127.00
00:00:22,0.00,586.51,28.33,-127.00
00:00:23,0.00,586.51,28.33,-127.00
00:00:24,0.00,586.51,28.33,-127.00
00:00:25,0.00,586.51,28.33,-127.00
00:00:26,0.00,586.51,28.33,-127.00
00:00:27,0.00,586.51,29.17,-127.00
00:00:28,0.00,586.51,28.33,-127.00
00:00:01,0.00,2492.67,28.33,-127.00
00:00:02,0.00,630.50,28.33,-127.00
00:00:03,0.00,601.17,29.17,-127.00
00:00:04,0.00,596.29,29.17,-127.00
00:00:05,0.00,591.40,29.17,-127.00
00:00:06,0.00,591.40,29.17,-127.00
00:00:07,0.00,591.40,29.17,-127.00
00:00:08,0.00,591.40,28.33,-127.00
00:00:09,0.00,591.40,29.17,-127.00
00:00:10,0.00,591.40,29.17,-127.00
00:00:11,0.00,591.40,28.33,-127.00
00:00:12,0.00,586.51,29.17,-127.00
00:00:13,0.00,591.40,29.17,-127.00
00:00:14,0.00,591.40,29.17,-127.00
00:00:15,0.00,591.40,29.17,-127.00
00:00:16,0.00,591.40,29.17,-127.00
00:00:17,0.00,586.51,29.17,-127.00
00:00:18,0.00,586.51,28.33,-127.00
00:00:19,0.00,586.51,29.17,-127.00
00:00:20,0.00,586.51,29.17,-127.00
00:00:21,0.00,591.40,28.33,-127.00
00:00:22,0.00,586.51,28.33,-127.00
00:00:23,0.00,586.51,28.33,-127.00
00:00:24,0.00,586.51,28.33,-127.00
00:00:25,0.00,586.51,28.33,-127.00
00:00:26,0.00,586.51,28.33,-127.00
00:00:27,0.00,591.40,28.33,-127.00
00:00:28,0.00,586.51,28.33,-127.00
00:00:29,0.00,586.51,28.33,-127.00
00:00:30,0.00,591.40,29.17,-127.00
00:00:31,0.00,591.40,28.33,-127.00
00:00:32,0.00,596.29,28.33,-127.00
00:00:33,0.00,591.40,28.33,-127.00
00:00:34,0.00,591.40,28.33,-127.00
00:00:35,0.00,591.40,29.17,-127.00
00:00:36,0.00,591.40,28.33,-127.00
00:00:37,0.00,591.40,28.33,-127.00
00:00:38,0.35,801.56,28.33,-127.00
00:00:39,0.35,806.45,28.33,-127.00
00:00:40,0.33,801.56,28.33,-127.00
00:00:41,0.34,811.34,28.33,-127.00
00:00:42,0.35,816.23,28.33,-127.00
00:00:43,0.33,801.56,28.33,-127.00
00:00:44,0.34,806.45,28.33,-127.00
00:00:45,0.35,806.45,28.33,-127.00
00:00:46,0.34,801.56,28.33,-127.00
00:00:47,0.37,821.11,28.33,-127.00
00:00:48,0.37,816.23,28.33,-127.00
00:00:49,0.37,826.00,28.33,-127.00
00:00:50,0.37,826.00,28.33,-127.00
00:00:51,0.37,821.11,28.33,-127.00
00:00:52,0.38,826.00,28.33,-127.00
00:00:53,0.38,826.00,28.33,-127.00
00:00:54,0.38,821.11,28.33,-127.00
00:00:55,0.38,826.00,28.33,-127.00
00:00:56,0.38,826.00,28.33,-127.00
00:00:57,0.38,826.00,28.33,-127.00
00:00:58,0.38,826.00,28.33,-127.00
00:00:59,0.38,830.89,28.33,-127.00
00:01:00,0.38,830.89,28.33,-127.00
00:01:01,0.38,830.89,28.33,-127.00
00:01:02,0.38,830.89,28.33,-127.00
00:01:03,0.38,830.89,28.33,-127.00
00:01:04,0.38,830.89,28.33,-127.00
00:01:05,0.38,826.00,28.33,-127.00
00:01:06,0.38,826.00,28.33,-127.00
00:01:07,0.38,826.00,28.33,-127.00
00:01:08,0.38,826.00,28.33,-127.00
00:01:09,0.38,826.00,28.33,-127.00
00:01:10,0.35,806.45,28.33,-127.00
00:01:11,0.35,806.45,28.33,-127.00
00:01:12,0.37,821.11,28.33,-127.00
00:01:13,0.38,826.00,28.33,-127.00
00:01:14,0.37,821.11,28.33,-127.00
00:01:15,0.36,816.23,28.33,-127.00
00:01:16,0.36,816.23,28.33,-127.00
00:01:17,0.37,821.11,28.33,-127.00
00:01:18,0.38,826.00,28.33,-127.00
00:01:19,0.38,826.00,28.33,-127.00
00:01:20,0.37,821.11,28.33,-127.00
00:01:21,0.35,806.45,28.33,-127.00
00:01:22,0.36,816.23,28.33,-127.00
00:01:23,0.37,821.11,28.33,-127.00
00:01:24,0.38,826.00,28.33,-127.00
00:01:25,0.38,826.00,28.33,-127.00
00:01:26,0.37,821.11,28.33,-127.00
00:01:27,0.33,801.56,28.33,-127.00
00:01:28,0.37,821.11,28.33,-127.00
00:01:29,0.38,826.00,28.33,-127.00
00:01:30,0.38,826.00,28.33,-127.00
00:01:31,0.38,826.00,28.33,-127.00
00:01:32,0.33,796.68,28.33,-127.00
00:01:33,0.37,816.23,28.33,-127.00
00:01:34,0.38,826.00,28.33,-127.00
00:01:35,0.38,826.00,28.33,-127.00
00:01:36,0.38,826.00,28.33,-127.00
00:01:37,0.35,806.45,28.33,-127.00
00:01:38,0.35,806.45,28.33,-127.00
00:01:39,0.38,821.11,28.33,-127.00
00:01:40,0.38,826.00,28.33,-127.00
00:01:41,0.38,826.00,28.33,-127.00
00:01:42,0.37,821.11,28.33,-127.00
00:01:43,0.36,816.23,28.33,-127.00
00:01:44,0.37,821.11,28.33,-127.00
00:01:45,0.38,826.00,28.33,-127.00
00:01:46,0.38,826.00,28.33,-127.00
00:01:47,0.34,806.45,28.33,-127.00
00:01:48,0.35,811.34,28.33,-127.00
00:01:49,0.38,826.00,28.33,-127.00
00:01:50,0.38,826.00,28.33,-127.00
00:01:51,0.38,826.00,29.17,-127.00
00:01:52,0.35,811.34,28.33,-127.00
00:01:53,0.37,821.11,28.33,-127.00
00:01:54,0.37,826.00,29.17,-127.00
00:01:55,0.38,826.00,29.17,-127.00
00:01:56,0.38,830.89,29.17,-127.00
00:01:57,0.37,826.00,29.17,-127.00
00:01:58,0.34,806.45,29.17,-127.00
00:01:59,0.37,821.11,28.33,-127.00
00:02:00,0.37,821.11,29.17,-127.00
00:02:01,0.38,826.00,29.17,-127.00
00:02:02,0.38,830.89,29.17,-127.00
00:02:03,0.38,826.00,29.17,-127.00
00:02:04,0.36,816.23,29.17,-127.00
00:02:05,0.36,816.23,29.17,-127.00
00:02:06,0.38,826.00,29.17,-127.00
00:02:07,0.38,826.00,29.17,-127.00
00:02:08,0.38,826.00,29.17,-127.00
00:02:09,0.38,826.00,29.17,-127.00
00:02:10,0.34,801.56,29.17,-127.00
00:02:11,0.36,816.23,29.17,-127.00
00:02:12,0.38,826.00,29.17,-127.00
00:02:13,0.38,826.00,29.17,-127.00
00:02:14,0.38,826.00,29.17,-127.00
00:02:15,0.38,826.00,29.17,-127.00
00:02:16,0.35,806.45,29.17,-127.00
00:02:17,0.35,806.45,29.17,-127.00
00:02:18,0.37,821.11,29.17,-127.00
00:02:19,0.38,826.00,29.17,-127.00
00:02:20,0.38,826.00,29.17,-127.00
00:02:21,0.38,826.00,29.17,-127.00
00:02:22,0.34,806.45,29.17,-127.00
00:02:23,0.35,811.34,28.33,-127.00
00:02:24,0.38,826.00,29.17,-127.00
00:02:25,0.38,830.89,29.17,-127.00
00:02:26,0.38,826.00,29.17,-127.00
00:02:27,0.36,811.34,29.17,-127.00
00:02:28,0.37,821.11,28.33,-127.00
00:02:29,0.38,826.00,29.17,-127.00
00:02:30,0.38,830.89,29.17,-127.00
00:02:31,0.38,826.00,29.17,-127.00
00:02:32,0.33,801.56,29.17,-127.00
00:02:33,0.37,821.11,29.17,-127.00
00:02:34,0.38,826.00,29.17,-127.00
00:02:35,0.38,830.89,29.17,-127.00
00:02:36,0.37,821.11,29.17,-127.00
00:02:37,0.34,801.56,29.17,-127.00
00:02:38,0.37,826.00,29.17,-127.00
00:02:39,0.38,826.00,29.17,-127.00
00:02:40,0.38,826.00,29.17,-127.00
00:02:41,0.36,816.23,29.17,-127.00
00:02:42,0.37,821.11,28.33,-127.00
00:02:43,0.38,826.00,29.17,-127.00
00:02:44,0.38,826.00,29.17,-127.00
00:02:45,0.38,826.00,29.17,-127.00
00:02:46,0.34,801.56,29.17,-127.00
00:02:47,0.37,821.11,28.33,-127.00
00:02:48,0.38,826.00,29.17,-127.00
00:02:49,0.38,826.00,29.17,-127.00
00:02:50,0.38,830.89,29.17,-127.00
00:02:51,0.34,806.45,29.17,-127.00
00:02:52,0.35,811.34,28.33,-127.00
00:02:53,0.38,826.00,29.17,-127.00
00:02:54,0.38,826.00,29.17,-127.00
00:02:55,0.38,826.00,29.17,-127.00
00:02:56,0.38,826.00,29.17,-127.00
00:02:57,0.35,806.45,29.17,-127.00
00:02:58,0.37,821.11,29.17,-127.00
00:02:59,0.38,826.00,29.17,-127.00
00:03:00,0.38,826.00,29.17,-127.00
00:03:01,0.37,821.11,29.17,-127.00
00:03:02,0.33,801.56,29.17,-127.00
00:03:03,0.37,821.11,29.17,-127.00
00:03:04,0.38,826.00,29.17,-127.00
00:03:05,0.38,830.89,29.17,-127.00
00:03:06,0.38,826.00,28.33,-127.00
00:03:07,0.34,801.56,29.17,-127.00
00:03:08,0.35,811.34,29.17,-127.00
00:03:09,0.38,826.00,29.17,-127.00
00:03:10,0.38,826.00,29.17,-127.00
00:03:11,0.38,826.00,28.33,-127.00
00:03:12,0.37,826.00,29.17,-127.00
00:03:13,0.35,806.45,29.17,-127.00
00:03:14,0.37,816.23,29.17,-127.00
00:03:15,0.38,826.00,29.17,-127.00
00:03:16,0.38,826.00,28.33,-127.00
00:03:17,0.36,816.23,28.33,-127.00
00:03:18,0.37,816.23,29.17,-127.00
00:03:19,0.37,821.11,29.17,-127.00
00:03:20,0.38,826.00,28.33,-127.00
00:03:21,0.38,826.00,28.33,-127.00
00:03:22,0.33,801.56,29.17,-127.00
00:03:23,0.36,816.23,28.33,-127.00
00:03:24,0.38,826.00,28.33,-127.00
00:03:25,0.38,826.00,29.17,-127.00
00:03:26,0.37,821.11,28.33,-127.00
00:03:27,0.33,796.68,28.33,-127.00
00:03:28,0.37,821.11,28.33,-127.00
00:03:29,0.38,826.00,28.33,-127.00
00:03:30,0.37,826.00,28.33,-127.00
00:03:31,0.35,811.34,28.33,-127.00
00:03:32,0.37,821.11,28.33,-127.00
00:03:33,0.38,826.00,28.33,-127.00
00:03:34,0.37,826.00,28.33,-127.00
00:03:35,0.34,796.68,28.33,-127.00
00:03:36,0.37,821.11,28.33,-127.00
00:03:37,0.38,826.00,28.33,-127.00
00:03:38,0.38,826.00,28.33,-127.00
00:03:39,0.37,821.11,28.33,-127.00
00:03:40,0.36,816.23,28.33,-127.00
00:03:41,0.37,826.00,28.33,-127.00
00:03:42,0.38,826.00,28.33,-127.00
00:03:43,0.38,826.00,29.17,-127.00
00:03:44,0.33,801.56,29.17,-127.00
00:03:45,0.36,816.23,28.33,-127.00
00:03:46,0.38,826.00,29.17,-127.00
00:03:47,0.38,830.89,29.17,-127.00
00:03:48,0.38,826.00,29.17,-127.00
00:03:49,0.34,806.45,28.33,-127.00
00:03:50,0.37,821.11,29.17,-127.00
00:03:51,0.38,826.00,29.17,-127.00
00:03:52,0.38,826.00,29.17,-127.00
00:03:53,0.35,806.45,29.17,-127.00
00:03:54,0.36,816.23,28.33,-127.00
00:03:55,0.38,826.00,28.33,-127.00
00:03:56,0.38,830.89,29.17,-127.00
00:03:57,0.38,830.89,29.17,-127.00
00:03:58,0.36,821.11,28.33,-127.00
00:03:59,0.37,821.11,28.33,-127.00
00:04:00,0.38,826.00,29.17,-127.00
00:04:01,0.38,830.89,29.17,-127.00
00:04:02,0.38,826.00,29.17,-127.00
00:04:03,0.34,806.45,29.17,-127.00
00:04:04,0.37,821.11,29.17,-127.00
00:04:05,0.38,830.89,29.17,-127.00
00:04:06,0.38,830.89,29.17,-127.00
00:04:07,0.36,821.11,29.17,-127.00
00:04:08,0.36,816.23,29.17,-127.00
00:04:09,0.38,830.89,29.17,-127.00
00:04:10,0.38,830.89,29.17,-127.00
00:04:11,0.34,806.45,29.17,-127.00
00:04:12,0.36,821.11,29.17,-127.00
00:04:13,0.38,830.89,28.33,-127.00
00:04:14,0.38,830.89,29.17,-127.00
00:04:15,0.36,821.11,29.17,-127.00
00:04:16,0.36,816.23,29.17,-127.00
00:04:17,0.38,830.89,29.17,-127.00
00:04:18,0.38,830.89,28.33,-127.00
00:04:19,0.37,826.00,29.17,-127.00
00:04:20,0.35,816.23,29.17,-127.00
00:04:21,0.38,830.89,29.17,-127.00
00:04:22,0.38,835.78,29.17,-127.00
00:04:23,0.37,826.00,29.17,-127.00
00:04:24,0.35,816.23,29.17,-127.00
00:04:25,0.38,826.00,29.17,-127.00
00:04:26,0.38,830.89,29.17,-127.00
00:04:27,0.34,811.34,29.17,-127.00
00:04:28,0.37,826.00,29.17,-127.00
00:04:29,0.38,830.89,29.17,-127.00
00:04:30,0.38,830.89,29.17,-127.00
00:04:31,0.37,826.00,29.17,-127.00
00:04:32,0.37,826.00,28.33,-127.00
00:04:33,0.38,830.89,29.17,-127.00
00:04:34,0.38,830.89,29.17,-127.00
00:04:35,0.38,830.89,29.17,-127.00
00:04:36,0.34,811.34,29.17,-127.00
00:04:37,0.37,826.00,29.17,-127.00
00:04:38,0.38,830.89,29.17,-127.00
00:04:39,0.38,830.89,29.17,-127.00
00:04:40,0.37,826.00,29.17,-127.00
00:04:41,0.33,806.45,29.17,-127.00
00:04:42,0.37,826.00,28.33,-127.00
00:04:43,0.38,830.89,29.17,-127.00
00:04:44,0.38,830.89,29.17,-127.00
00:00:01,1.30,2561.09,28.33,-127.00
00:00:02,1.32,869.99,28.33,-127.00
00:00:03,1.32,840.66,28.33,-127.00
00:00:04,1.34,835.78,28.33,-127.00
00:00:05,1.35,835.78,28.33,-127.00
00:00:06,1.34,830.89,28.33,-127.00
00:00:07,1.35,835.78,28.33,-127.00
00:00:08,1.34,830.89,28.33,-127.00
00:00:09,1.35,830.89,28.33,-127.00
00:00:10,1.34,830.89,28.33,-127.00
00:00:11,1.34,830.89,28.33,-127.00
00:00:12,1.35,835.78,28.33,-127.00
00:00:13,1.34,830.89,28.33,-127.00
00:00:14,1.35,835.78,28.33,-127.00
00:00:15,1.34,830.89,28.33,-127.00
00:00:16,1.35,830.89,28.33,-127.00
00:00:17,1.34,830.89,28.33,-127.00
00:00:18,1.35,830.89,28.33,-127.00
00:00:19,1.34,830.89,28.33,-127.00
00:00:20,1.34,830.89,28.33,-127.00
00:00:21,1.34,830.89,28.33,-127.00
00:00:22,1.34,830.89,28.33,-127.00
00:00:23,1.34,830.89,28.33,-127.00
00:00:24,1.32,830.89,28.33,-127.00
00:00:25,1.34,826.00,28.33,-127.00
00:00:26,1.32,826.00,28.33,-127.00
00:00:27,1.32,826.00,28.33,-127.00
00:00:28,1.34,830.89,28.33,-127.00
00:00:29,1.32,826.00,28.33,-127.00
00:00:30,1.32,826.00,28.33,-127.00
00:00:31,1.30,826.00,28.33,-127.00
00:00:32,1.32,826.00,28.33,-127.00
00:00:33,1.28,821.11,28.33,-127.00
00:00:34,1.30,826.00,28.33,-127.00
00:00:35,1.25,816.23,28.33,-127.00
00:00:36,1.27,816.23,28.33,-127.00
00:00:37,1.27,821.11,28.33,-127.00
00:00:38,1.20,806.45,28.33,-127.00
00:00:39,1.21,811.34,28.33,-127.00
00:00:40,1.23,816.23,28.33,-127.00
00:00:41,1.20,811.34,28.33,-127.00
00:00:42,1.32,826.00,28.33,-127.00
00:00:43,1.32,826.00,28.33,-127.00
00:00:44,1.28,826.00,28.33,-127.00
00:00:45,1.34,830.89,28.33,-127.00
00:00:46,1.34,830.89,28.33,-127.00
00:00:47,1.34,835.78,28.33,-127.00
00:00:48,1.34,835.78,28.33,-127.00
00:00:49,1.35,835.78,28.33,-127.00
00:00:50,1.35,835.78,28.33,-127.00
00:00:51,1.35,835.78,28.33,-127.00
00:00:52,1.35,835.78,28.33,-127.00
00:00:53,1.35,835.78,28.33,-127.00
00:00:54,1.35,830.89,28.33,-127.00
00:00:55,1.35,830.89,28.33,-127.00
00:00:56,1.35,835.78,28.33,-127.00
00:00:57,1.35,830.89,28.33,-127.00
00:00:58,1.37,830.89,28.33,-127.00
00:00:59,1.35,835.78,28.33,-127.00
00:01:00,1.37,835.78,28.33,-127.00
00:01:01,1.35,835.78,28.33,-127.00
00:01:02,1.37,835.78,28.33,-127.00
00:01:03,1.35,835.78,28.33,-127.00
00:01:04,1.35,835.78,28.33,-127.00
00:01:05,1.35,830.89,28.33,-127.00
00:01:06,1.35,830.89,28.33,-127.00
00:01:07,1.34,826.00,28.33,-127.00
00:01:08,1.35,830.89,28.33,-127.00
00:01:09,1.35,830.89,28.33,-127.00
00:01:10,1.34,830.89,28.33,-127.00
00:01:11,1.20,806.45,28.33,-127.00
00:01:12,1.32,826.00,28.33,-127.00
00:01:13,1.35,830.89,28.33,-127.00
00:01:14,1.35,830.89,29.17,-127.00
00:01:15,1.35,830.89,28.33,-127.00
00:01:16,1.20,806.45,28.33,-127.00
00:01:17,1.28,821.11,29.17,-127.00
00:01:18,1.35,830.89,28.33,-127.00
00:01:19,1.35,830.89,28.33,-127.00
00:01:20,1.35,830.89,29.17,-127.00
00:01:21,1.28,821.11,29.17,-127.00
00:01:22,1.34,826.00,28.33,-127.00
00:01:23,1.35,830.89,28.33,-127.00
00:01:24,1.35,830.89,29.17,-127.00
00:01:25,1.34,826.00,29.17,-127.00
00:01:26,1.27,816.23,28.33,-127.00
00:01:27,1.34,826.00,28.33,-127.00
00:01:28,1.35,830.89,29.17,-127.00
00:01:29,1.35,830.89,28.33,-127.00
00:01:30,1.30,821.11,29.17,-127.00
00:01:31,1.25,811.34,29.17,-127.00
00:01:32,1.34,830.89,28.33,-127.00
00:01:33,1.35,830.89,29.17,-127.00
00:01:34,1.35,830.89,29.17,-127.00
00:01:35,1.34,826.00,29.17,-127.00
00:01:36,1.30,821.11,29.17,-127.00
00:01:37,1.34,826.00,28.33,-127.00
00:01:38,1.37,830.89,29.17,-127.00
00:01:39,1.35,830.89,29.17,-127.00
00:01:40,1.27,811.34,29.17,-127.00
00:01:41,1.35,830.89,29.17,-127.00
00:01:42,1.35,830.89,29.17,-127.00
00:01:43,1.35,830.89,29.17,-127.00
00:01:44,1.28,816.23,29.17,-127.00
00:01:45,1.32,826.00,29.17,-127.00
00:01:46,1.35,830.89,29.17,-127.00
00:01:47,1.37,830.89,29.17,-127.00
00:01:48,1.35,830.89,29.17,-127.00
00:01:49,1.27,811.34,29.17,-127.00
00:01:50,1.34,826.00,29.17,-127.00
00:01:51,1.37,830.89,28.33,-127.00
00:01:52,1.37,830.89,29.17,-127.00
00:01:53,1.32,821.11,29.17,-127.00
00:01:54,1.23,811.34,29.17,-127.00
00:01:55,1.34,830.89,29.17,-127.00
00:01:56,1.37,830.89,28.33,-127.00
00:01:57,1.35,830.89,29.17,-127.00
00:01:58,1.27,816.23,29.17,-127.00
00:01:59,1.32,826.00,29.17,-127.00
00:02:00,1.35,830.89,29.17,-127.00
00:02:01,1.37,830.89,28.33,-127.00
00:02:02,1.35,830.89,29.17,-127.00
00:02:03,1.23,806.45,29.17,-127.00
00:02:04,1.32,826.00,29.17,-127.00
00:02:05,1.37,830.89,29.17,-127.00
00:02:06,1.37,830.89,29.17,-127.00
00:02:07,1.27,816.23,29.17,-127.00
00:02:08,1.28,821.11,28.33,-127.00
00:02:09,1.35,830.89,29.17,-127.00
00:02:10,1.37,830.89,28.33,-127.00
00:02:11,1.34,826.00,28.33,-127.00
00:02:12,1.27,816.23,28.33,-127.00
00:02:13,1.35,830.89,29.17,-127.00
00:02:14,1.37,830.89,29.17,-127.00
00:02:15,1.23,811.34,28.33,-127.00
00:02:16,1.34,826.00,29.17,-127.00
00:02:17,1.35,830.89,29.17,-127.00
00:02:18,1.35,830.89,29.17,-127.00
00:02:19,1.30,821.11,29.17,-127.00
00:02:20,1.32,826.00,29.17,-127.00
00:02:21,1.35,830.89,29.17,-127.00
00:02:22,1.37,835.78,29.17,-127.00
00:02:23,1.34,830.89,29.17,-127.00
00:02:24,1.30,821.11,29.17,-127.00
00:02:25,1.35,830.89,29.17,-127.00
00:02:26,1.37,835.78,29.17,-127.00
00:02:27,1.37,830.89,29.17,-127.00
00:02:28,1.25,811.34,29.17,-127.00
00:02:29,1.32,826.00,29.17,-127.00
00:02:30,1.37,830.89,29.17,-127.00
00:02:31,1.37,835.78,29.17,-127.00
00:02:32,1.23,811.34,29.17,-127.00
00:02:33,1.34,826.00,29.17,-127.00
00:02:34,1.37,835.78,29.17,-127.00
00:02:35,1.37,835.78,29.17,-127.00
00:02:36,1.34,830.89,29.17,-127.00
00:02:37,1.27,821.11,29.17,-127.00
00:02:38,1.35,835.78,29.17,-127.00
00:02:39,1.37,835.78,29.17,-127.00
00:02:40,1.35,835.78,29.17,-127.00
00:02:41,1.32,830.89,29.17,-127.00
00:02:42,1.32,826.00,29.17,-127.00
00:02:43,1.35,830.89,29.17,-127.00
00:02:44,1.37,835.78,29.17,-127.00
00:02:45,1.37,835.78,29.17,-127.00
00:02:46,1.23,811.34,29.17,-127.00
00:02:47,1.30,821.11,30.00,-127.00
00:02:48,1.35,835.78,29.17,-127.00
00:02:49,1.37,835.78,29.17,-127.00
00:02:50,1.32,830.89,29.17,-127.00
00:02:51,1.86,2756.60,28.33,-127.00
00:02:52,1.78,923.75,28.33,-127.00
00:02:53,1.76,894.43,28.33,-127.00
00:02:54,1.69,884.65,28.33,-127.00
00:02:55,1.76,889.54,28.33,-127.00
00:02:56,1.81,894.43,28.33,-127.00
00:02:57,1.86,904.20,28.33,-127.00
00:02:58,1.88,904.20,28.33,-127.00
02:02:59,1.83,909.09,28.33,-127.00
02:03:00,1.83,884.65,28.33,-127.00
02:03:01,1.88,884.65,28.33,-127.00
02:03:02,1.86,879.77,29.17,-127.00
02:03:03,1.88,884.65,28.33,-127.00
02:03:04,1.88,884.65,28.33,-127.00
02:03:05,1.91,884.65,28.33,-127.00
02:03:06,1.88,884.65,28.33,-127.00
02:03:07,1.88,884.65,28.33,-127.00
02:03:08,1.88,884.65,28.33,-127.00
02:03:09,1.88,884.65,28.33,-127.00
02:03:10,1.91,889.54,28.33,-127.00
02:03:11,1.91,2873.90,29.17,-127.00
02:03:12,1.81,967.74,29.17,-127.00
02:03:13,1.81,953.08,29.17,-127.00
02:03:14,1.91,962.85,29.17,-127.00
02:03:15,1.91,957.97,29.17,-127.00
02:03:16,1.78,943.30,29.17,-127.00
02:03:17,1.83,953.08,29.17,-127.00
02:03:18,1.91,957.97,29.17,-127.00
02:03:19,1.91,962.85,29.17,-127.00
02:03:20,1.81,953.08,29.17,-127.00
02:03:21,1.91,967.74,29.17,-127.00
02:06:22,1.88,972.63,29.17,-127.00
02:06:23,1.91,957.97,29.17,-127.00
02:06:24,1.91,957.97,29.17,-127.00
02:06:25,1.91,957.97,30.00,-127.00
02:06:26,1.91,957.97,29.17,-127.00
02:06:27,1.91,957.97,29.17,-127.00
02:06:28,1.91,957.97,29.17,-127.00
02:06:29,1.91,957.97,29.17,-127.00
02:06:30,1.91,957.97,29.17,-127.00
02:06:31,1.91,957.97,29.17,-127.00
02:06:32,1.91,2834.80,29.17,-127.00
02:06:33,1.88,967.74,29.17,-127.00
02:06:34,1.81,943.30,29.17,-127.00
02:06:35,1.86,943.30,29.17,-127.00
02:06:36,1.88,948.19,29.17,-127.00
02:06:37,1.88,953.08,29.17,-127.00
02:06:38,1.86,943.30,29.17,-127.00
02:06:39,1.83,943.30,29.17,-127.00
02:06:40,1.88,948.19,29.17,-127.00
02:06:41,1.91,953.08,29.17,-127.00
02:06:42,1.88,953.08,29.17,-127.00
02:06:43,1.88,953.08,29.17,-127.00
02:06:44,0.00,2448.68,29.17,-127.00
02:06:45,0.00,635.39,29.17,-127.00
02:06:46,0.00,620.72,28.33,-127.00
02:06:47,0.00,620.72,29.17,-127.00
02:06:48,0.00,620.72,29.17,-127.00
02:06:49,0.00,625.61,29.17,-127.00
02:06:50,0.00,620.72,29.17,-127.00
02:06:51,0.00,620.72,28.33,-127.00
02:06:52,0.00,620.72,29.17,-127.00
02:06:53,0.00,625.61,29.17,-127.00
02:06:54,0.00,2438.91,28.33,29.25
02:06:55,0.00,625.61,29.17,29.31
02:06:56,0.00,620.72,28.33,29.31
02:06:57,0.00,625.61,28.33,29.31
02:06:58,0.00,625.61,28.33,29.31
02:06:59,0.00,625.61,29.17,29.31
02:07:00,0.00,625.61,29.17,29.31
02:07:01,0.00,625.61,29.17,29.31
02:07:02,0.00,630.50,29.17,29.31
02:07:03,0.00,630.50,29.17,29.31
02:07:04,0.00,630.50,29.17,29.31
02:07:05,0.00,630.50,29.17,29.31
02:07:06,0.00,630.50,28.33,29.31
02:07:07,0.00,635.39,29.17,29.31
02:07:08,0.00,635.39,29.17,29.56
02:07:09,0.00,635.39,29.17,29.94
02:07:10,0.00,640.27,29.17,30.31
02:07:11,0.00,635.39,28.33,30.62
02:07:12,0.00,640.27,28.33,30.94
02:07:13,0.00,640.27,29.17,31.25
02:07:14,0.00,640.27,28.33,31.50
02:07:15,0.00,640.27,28.33,31.75
02:07:16,0.00,640.27,28.33,31.94
02:07:17,0.00,640.27,28.33,32.13
02:07:18,0.00,640.27,28.33,32.25
02:07:19,0.00,640.27,28.33,32.31
02:07:20,0.00,640.27,28.33,32.38
02:07:21,0.00,640.27,28.33,32.38
02:07:22,0.00,645.16,28.33,32.38
02:07:23,0.00,645.16,28.33,32.38
02:07:24,0.00,645.16,28.33,32.38
02:07:25,0.00,640.27,28.33,32.31
02:07:26,0.00,640.27,28.33,32.31
02:07:27,0.00,645.16,28.33,32.25
02:07:28,0.00,645.16,28.33,32.25
02:07:29,0.00,645.16,28.33,32.19
02:07:30,0.00,645.16,28.33,32.19
02:07:31,0.00,645.16,28.33,32.19
02:07:32,0.00,645.16,28.33,32.13
02:07:33,0.00,645.16,28.33,32.13
02:07:34,0.00,645.16,28.33,32.13
02:07:35,0.00,645.16,28.33,32.06
02:07:36,0.00,645.16,28.33,32.06
02:07:37,0.00,645.16,28.33,32.06
02:07:38,0.00,645.16,28.33,32.06
02:07:39,0.00,645.16,28.33,32.00
02:07:40,0.00,645.16,28.33,32.00
02:07:41,0.00,645.16,28.33,31.94
02:07:42,0.00,645.16,28.33,31.94
02:07:43,0.00,645.16,28.33,31.87
02:07:44,0.00,645.16,28.33,31.87
02:07:45,0.00,645.16,28.33,31.87
02:07:46,0.00,645.16,28.33,31.81
02:07:47,0.00,645.16,28.33,31.81
02:07:48,0.00,645.16,28.33,31.81
02:07:49,0.00,645.16,28.33,31.81
02:07:50,0.00,645.16,28.33,31.75
02:07:51,0.00,645.16,28.33,31.75
02:07:52,0.00,645.16,28.33,31.75
02:07:53,0.00,645.16,28.33,31.75
02:07:54,0.00,645.16,28.33,31.69
02:07:55,0.00,645.16,28.33,31.69
02:07:56,0.00,645.16,28.33,31.69
02:07:57,0.00,645.16,28.33,31.62
02:07:58,0.00,645.16,28.33,31.62
02:07:59,0.00,645.16,28.33,31.62
02:08:00,0.00,645.16,28.33,31.62
02:08:01,0.00,645.16,28.33,31.62
02:08:02,0.00,645.16,28.33,31.62
02:08:03,0.00,645.16,28.33,31.56
02:08:04,0.00,645.16,28.33,31.56
02:08:05,0.00,645.16,28.33,31.56
02:08:06,0.00,645.16,28.33,31.56
02:08:07,0.00,645.16,28.33,31.50
02:08:08,0.00,645.16,28.33,31.50
02:08:09,0.00,645.16,28.33,31.50
02:08:10,0.00,645.16,28.33,31.50
02:08:11,0.00,645.16,28.33,31.44
02:08:12,0.00,645.16,28.33,31.44
02:08:13,0.00,645.16,28.33,31.44
02:08:14,0.00,645.16,28.33,31.44
02:08:15,0.00,645.16,28.33,31.44
02:08:16,0.00,645.16,28.33,31.44
02:08:17,0.00,645.16,28.33,31.37
02:08:18,0.00,645.16,28.33,31.37
02:08:19,0.00,645.16,28.33,31.37
02:08:20,0.00,645.16,28.33,31.37
02:08:21,0.00,645.16,28.33,31.37
02:08:22,0.00,640.27,28.33,31.31
02:08:23,0.00,645.16,28.33,31.31
02:08:24,0.00,645.16,28.33,31.31
02:08:25,0.00,650.05,28.33,31.31
02:08:26,0.00,645.16,28.33,31.31
02:08:27,0.00,645.16,28.33,31.31
02:08:28,0.00,645.16,28.33,31.25
02:08:29,0.00,645.16,28.33,31.25
02:08:30,0.00,650.05,28.33,31.25
02:08:31,0.00,645.16,28.33,31.25
02:08:32,0.00,645.16,28.33,31.19
02:08:33,0.00,645.16,28.33,31.19
02:08:34,0.00,645.16,28.33,31.19
02:08:35,0.00,645.16,28.33,31.19
02:08:36,0.00,645.16,28.33,31.12
02:08:37,0.00,645.16,28.33,31.19
02:08:38,0.00,645.16,28.33,31.12
02:08:39,0.00,645.16,28.33,31.12
02:08:40,0.00,645.16,28.33,31.12
02:08:41,0.00,645.16,28.33,31.06
02:08:42,0.00,645.16,28.33,31.06
02:08:43,0.00,645.16,28.33,31.06
02:08:44,0.00,645.16,28.33,31.06
02:08:45,0.00,645.16,28.33,31.06
02:08:46,0.00,640.27,28.33,31.00
02:08:47,0.00,645.16,28.33,31.00
02:08:48,0.00,645.16,28.33,31.00
02:08:49,0.00,650.05,28.33,31.00
02:08:50,0.00,645.16,28.33,31.00
02:08:51,0.00,650.05,28.33,31.00
02:08:52,0.00,650.05,28.33,31.00
02:08:53,0.00,645.16,28.33,30.94
02:08:54,0.00,654.94,28.33,30.94
02:08:55,1.91,2546.43,29.17,29.00
02:08:56,1.91,879.77,28.33,29.00
02:08:57,1.91,874.88,29.17,29.00
02:08:58,1.88,874.88,29.17,29.00
02:08:59,1.88,874.88,29.17,29.00
02:09:00,1.88,874.88,29.17,29.00
02:09:01,1.88,874.88,29.17,29.00
02:09:02,1.88,879.77,29.17,29.00
02:09:03,1.88,879.77,29.17,29.06
02:09:04,1.88,879.77,29.17,29.00
02:09:05,1.91,879.77,29.17,29.00
02:09:06,1.91,879.77,29.17,29.00
02:09:07,1.88,879.77,29.17,29.00
02:09:08,1.86,879.77,29.17,29.00
02:09:09,9.04,1832.84,960.00,31.19
02:09:10,9.04,1725.32,960.00,31.25
02:09:11,9.04,1744.87,959.17,31.25
02:09:12,9.04,1715.54,958.33,31.25
02:09:13,9.06,1720.43,957.50,31.25
02:09:14,9.03,1725.32,956.67,31.25
02:09:15,9.04,1725.32,956.67,31.25
02:09:16,9.03,1720.43,955.83,31.25
02:09:17,9.06,1725.32,955.00,31.25
02:09:18,9.06,1720.43,954.17,31.25
02:09:19,9.06,1730.21,954.17,31.25
02:09:20,9.06,1720.43,953.33,31.25
02:09:21,9.06,1730.21,953.33,31.25
02:09:22,9.18,1735.09,952.50,31.25
02:09:23,9.06,1735.09,951.67,31.25
02:09:24,9.03,1764.42,951.67,31.25
02:09:25,9.03,1759.53,950.83,31.25
02:09:26,9.06,1749.76,950.00,31.25
02:09:27,9.03,1739.98,949.17,31.25
02:09:28,9.06,1730.21,948.33,31.25
02:09:29,9.06,1730.21,947.50,31.25
02:09:30,9.03,1735.09,946.67,31.25
02:09:31,9.04,1744.87,946.67,31.25
02:09:32,9.03,1735.09,945.83,31.25
02:09:33,9.06,1710.66,945.00,31.25
02:09:34,9.03,1744.87,944.17,31.25
02:09:35,9.04,1735.09,943.33,31.25
02:09:36,9.01,1705.77,943.33,31.25
02:09:37,9.06,1700.88,942.50,31.25
